order_item_id,order_id,product_id,quantity
1,1536,110,2
2,1755,120,4
3,1757,193,5
4,1145,154,5
5,1999,145,2
6,1220,134,1
7,1389,115,1
8,1587,153,5
9,1724,120,1
10,1219,194,1
11,1962,169,1
12,1679,152,2
13,1990,124,3
14,1616,144,2
15,1365,107,5
16,1468,184,5
17,1249,163,3
18,1392,112,2
19,1841,148,5
20,1981,136,5
21,1579,162,2
22,1750,142,4
23,1712,171,3
24,1957,135,3
25,1143,116,4
26,1086,146,5
27,1756,180,5
28,1537,160,5
29,1523,142,4
30,1311,163,5
31,1386,122,4
32,1035,138,3
33,1827,158,4
34,1956,134,3
35,1992,131,3
36,1521,195,5
37,1922,198,4
38,1232,151,3
39,1023,164,1
40,1354,116,1
41,1588,110,2
42,1441,133,3
43,1633,139,4
44,1769,149,4
45,1100,109,3
46,1753,194,3
47,1976,108,1
48,1720,103,3
49,1676,194,5
50,1995,126,2
51,1862,129,3
52,1770,125,2
53,1313,186,1
54,1576,128,4
55,1031,119,5
56,1163,112,5
57,1372,115,5
58,1509,199,3
59,1304,189,4
60,1291,125,4
61,1276,151,2
62,1788,101,2
63,1296,194,2
64,1602,151,1
65,1207,179,3
66,1270,190,5
67,1106,182,2
68,1661,198,3
69,1998,177,3
70,1732,150,1
71,1835,168,3
72,1361,173,4
73,1710,167,3
74,1713,199,1
75,1965,140,3
76,1877,160,4
77,1658,198,1
78,1727,105,4
79,1620,187,1
80,1210,195,3
81,1085,163,4
82,1859,136,3
83,1185,104,4
84,1129,143,2
85,1007,152,5
86,1799,123,1
87,1748,140,5
88,1953,175,2
89,1714,141,5
90,1462,167,5
91,1872,148,5
92,1743,150,4
93,1948,158,4
94,1534,173,5
95,1340,157,1
96,1347,123,2
97,1544,142,2
98,1101,113,5
99,1425,187,1
100,1838,178,1
101,1685,185,1
102,1197,133,5
103,1335,158,4
104,1981,185,1
105,1872,148,2
106,1472,182,5
107,1792,173,1
108,1198,141,1
109,1224,164,4
110,1478,102,1
111,1828,112,5
112,1896,176,3
113,1976,139,2
114,1240,121,5
115,1872,149,3
116,1561,118,4
117,1827,168,1
118,1034,121,5
119,1888,125,3
120,1908,139,4
121,1057,183,1
122,1636,191,4
123,1657,151,5
124,1720,173,3
125,1618,177,4
126,1718,136,1
127,1086,183,3
128,1748,182,2
129,1366,162,5
130,1604,154,5
131,1629,129,2
132,1855,166,5
133,1824,148,1
134,1619,135,3
135,1345,175,3
136,1772,152,1
137,1934,127,2
138,1016,152,4
139,1790,121,3
140,1457,156,1
141,1937,143,4
142,1320,191,4
143,1762,145,5
144,1303,121,3
145,1453,174,4
146,1215,159,3
147,1576,151,3
148,1262,189,3
149,1112,199,1
150,1992,173,1
151,1283,111,5
152,1117,199,3
153,1400,158,4
154,1083,153,3
155,1362,108,3
156,1607,195,5
157,1064,101,5
158,1747,107,4
159,1564,187,5
160,1259,180,2
161,1300,174,4
162,1591,152,2
163,1972,188,2
164,1932,132,5
165,1226,162,2
166,1506,163,4
167,1561,145,5
168,1269,162,1
169,1715,170,5
170,1691,200,5
171,1440,106,3
172,1854,178,2
173,1746,166,5
174,1088,122,3
175,1169,134,2
176,1039,150,3
177,1485,127,2
178,1172,186,1
179,1206,164,2
180,1833,153,5
181,1706,103,1
182,1369,137,5
183,1977,135,4
184,1017,147,1
185,1168,198,2
186,1732,142,5
187,1608,110,4
188,1111,193,4
189,1028,187,3
190,1825,189,2
191,1262,197,1
192,1555,187,2
193,1819,112,1
194,1112,192,4
195,1840,111,4
196,1605,199,1
197,1114,134,3
198,1247,170,1
199,1261,189,1
200,1756,196,1
201,1037,123,5
202,1412,165,2
203,1005,180,3
204,1931,176,2
205,1289,108,2
206,1778,134,2
207,1582,107,4
208,1869,172,3
209,1550,104,4
210,1189,150,1
211,1563,110,3
212,1103,152,5
213,1897,106,5
214,1843,116,2
215,1476,126,4
216,1612,182,3
217,1815,167,3
218,1638,172,3
219,1085,114,3
220,1089,190,2
221,1068,134,5
222,1695,105,4
223,1093,103,3
224,1012,132,1
225,1330,142,3
226,1840,176,4
227,1844,111,5
228,1723,105,4
229,1798,127,1
230,1474,176,4
231,1312,133,4
232,1337,132,5
233,1959,127,1
234,1146,105,1
235,1078,106,1
236,1541,140,1
237,1138,163,2
238,1765,185,4
239,1855,164,5
240,1119,193,1
241,1448,124,3
242,1572,188,3
243,1516,150,2
244,1668,138,4
245,1773,185,5
246,1421,190,2
247,1126,189,3
248,1499,130,3
249,1374,189,4
250,1609,112,3
251,1638,134,3
252,1085,141,5
253,1377,196,3
254,1667,200,2
255,1446,174,2
256,1745,156,1
257,1252,189,1
258,1391,146,5
259,1388,176,3
260,1805,115,3
261,1131,110,4
262,1851,151,1
263,1816,199,1
264,1079,188,4
265,1805,104,4
266,1922,147,5
267,1053,152,2
268,1595,160,3
269,1581,173,5
270,1439,172,3
271,1807,199,1
272,1264,155,3
273,1448,173,4
274,1265,104,5
275,1773,189,4
276,1663,146,3
277,1099,146,1
278,1143,110,3
279,1551,146,4
280,1528,138,5
281,1227,110,2
282,1699,134,3
283,1664,175,4
284,1188,148,4
285,1528,199,1
286,1900,145,5
287,1333,194,2
288,1733,153,5
289,1913,150,2
290,1146,144,4
291,1186,153,5
292,1796,182,2
293,1448,153,2
294,1646,120,2
295,1879,180,5
296,1317,151,1
297,1842,162,5
298,1713,115,2
299,1281,195,1
300,1650,108,5
301,1243,130,5
302,1304,188,1
303,1465,169,4
304,1363,195,2
305,1179,177,1
306,1370,175,1
307,1197,155,4
308,1751,185,4
309,1272,141,2
310,1549,125,2
311,1289,195,5
312,1555,107,3
313,1110,171,1
314,1002,127,4
315,1768,157,2
316,1685,125,2
317,1984,129,3
318,1523,134,1
319,1564,200,2
320,1479,149,3
321,1256,180,2
322,1511,131,1
323,1611,192,1
324,1365,147,4
325,1047,121,3
326,1407,187,4
327,1694,177,1
328,1612,106,2
329,1139,181,4
330,1175,170,4
331,1636,174,2
332,1776,177,5
333,1379,133,3
334,1934,123,5
335,1881,104,5
336,1075,154,3
337,1997,156,2
338,1680,140,1
339,1776,129,2
340,1914,174,3
341,1783,139,2
342,1847,123,2
343,1085,155,2
344,1816,180,1
345,1438,192,5
346,1933,119,3
347,1411,140,3
348,1506,181,1
349,1919,115,5
350,1658,197,2
351,1292,164,3
352,1441,177,3
353,1828,177,3
354,1996,184,4
355,1410,142,4
356,1704,102,2
357,1399,127,1
358,1970,172,4
359,1216,184,5
360,1359,174,1
361,1419,158,2
362,1544,178,4
363,1322,199,2
364,1738,153,3
365,1293,159,1
366,1822,119,2
367,1579,105,5
368,1587,177,4
369,1290,177,4
370,1494,138,2
371,1237,110,5
372,1612,174,2
373,1846,153,5
374,1798,188,5
375,1768,189,2
376,1307,124,4
377,1193,115,2
378,1963,133,1
379,1018,163,5
380,1823,138,5
381,1590,188,5
382,1061,175,5
383,1214,180,1
384,1638,151,5
385,1636,188,4
386,1638,173,5
387,1398,139,3
388,1314,122,1
389,1826,170,3
390,1571,128,5
391,1826,107,5
392,1386,196,2
393,1680,166,3
394,1335,121,4
395,1858,120,4
396,1519,106,2
397,1914,161,5
398,1462,185,4
399,1333,106,2
400,1861,165,3
401,1465,124,4
402,1235,159,5
403,1961,162,5
404,1569,142,5
405,1270,190,2
406,1298,194,5
407,1114,173,1
408,1641,165,4
409,1651,187,1
410,1171,149,5
411,1714,144,3
412,1885,197,5
413,1123,125,1
414,1731,124,3
415,1325,103,2
416,1777,125,5
417,1073,149,2
418,1981,141,3
419,1789,117,2
420,1799,143,1
421,1307,135,1
422,1719,123,2
423,1834,101,1
424,1698,128,2
425,1206,196,5
426,1053,178,2
427,1153,186,3
428,1061,121,3
429,1232,136,2
430,1111,175,1
431,1684,177,2
432,1463,183,4
433,1248,174,1
434,1905,181,5
435,1543,136,5
436,1826,158,2
437,1034,156,1
438,1366,161,3
439,1627,132,3
440,1480,116,4
441,1342,168,2
442,1692,176,3
443,1848,107,1
444,1612,122,5
445,1827,192,5
446,1984,124,5
447,1326,101,1
448,1460,178,5
449,1765,148,3
450,1968,137,4
451,1268,146,4
452,1560,156,1
453,1879,197,3
454,1676,171,3
455,1353,104,2
456,1367,111,3
457,1569,178,1
458,1803,198,4
459,1044,192,4
460,1860,109,5
461,1302,117,2
462,1463,134,2
463,1273,141,3
464,1889,154,5
465,1845,125,2
466,1014,177,2
467,1439,103,5
468,1960,188,1
469,1502,124,2
470,1988,147,3
471,1634,143,1
472,1049,145,5
473,1859,132,2
474,1437,177,5
475,1268,133,5
476,1034,178,4
477,1004,170,2
478,1388,167,3
479,1436,168,3
480,1333,115,4
481,1722,166,2
482,1602,182,4
483,1204,172,1
484,1277,158,4
485,1678,191,3
486,1194,195,5
487,1998,123,2
488,1703,199,5
489,1475,136,1
490,1016,120,2
491,1202,172,2
492,1203,196,5
493,1486,144,4
494,1823,162,5
495,1482,160,5
496,1222,125,5
497,1835,115,1
498,1816,146,4
499,1966,171,4
500,1321,117,3
501,1189,185,4
502,1736,185,1
503,1211,102,4
504,1903,196,4
505,1149,114,3
506,1655,107,5
507,1187,150,2
508,1541,159,4
509,1051,179,3
510,1929,196,1
511,1865,185,5
512,1192,162,3
513,1570,157,4
514,1182,162,2
515,1314,181,1
516,1002,173,4
517,1599,176,2
518,1896,111,2
519,1036,107,2
520,1045,181,1
521,1170,155,5
522,1285,189,3
523,1939,114,2
524,1842,163,2
525,1670,104,2
526,1050,143,1
527,1510,150,4
528,1971,105,3
529,1563,145,5
530,1937,108,1
531,1144,170,3
532,1802,182,5
533,1164,147,4
534,1340,120,3
535,1041,172,4
536,1463,101,2
537,1238,103,1
538,1208,135,1
539,1224,138,5
540,1117,114,2
541,1473,176,1
542,1009,118,2
543,1329,191,2
544,1906,156,3
545,1131,174,3
546,1261,102,4
547,1388,161,1
548,1396,149,2
549,1497,147,3
550,1280,174,4
551,1401,182,5
552,1257,126,3
553,1920,161,1
554,1876,173,1
555,1023,155,2
556,1010,150,2
557,1082,180,3
558,1023,168,5
559,1461,164,2
560,1629,124,2
561,1579,163,5
562,1189,197,1
563,1254,138,3
564,1518,184,3
565,1304,148,4
566,1965,198,2
567,1472,185,1
568,1194,190,5
569,1739,115,5
570,1874,190,2
571,1918,158,1
572,1856,175,3
573,1737,152,2
574,1937,150,4
575,1012,159,2
576,1912,176,1
577,1496,143,1
578,1854,151,2
579,1356,174,5
580,1455,132,4
581,1068,165,2
582,1759,169,4
583,1260,184,5
584,1202,126,4
585,1889,162,1
586,1121,106,3
587,1914,155,2
588,1993,109,4
589,1294,104,2
590,1423,115,5
591,1936,133,5
592,1212,130,5
593,1170,148,3
594,1773,186,3
595,1613,121,4
596,1585,190,4
597,1728,135,4
598,1381,129,3
599,1292,178,2
600,1590,116,2
601,1221,133,2
602,1504,177,3
603,1381,133,3
604,1170,192,4
605,1879,198,1
606,1178,108,2
607,1859,127,1
608,1152,180,5
609,1268,113,2
610,1336,166,2
611,1182,182,1
612,1801,113,4
613,1438,106,5
614,1850,127,4
615,1765,163,2
616,1927,140,1
617,1109,119,1
618,1984,158,5
619,1353,187,2
620,1240,103,1
621,1206,128,5
622,1863,172,1
623,1232,165,4
624,1317,170,5
625,1583,190,3
626,1745,189,1
627,1447,160,5
628,1461,163,2
629,1145,156,5
630,1946,120,1
631,1274,173,5
632,1466,137,4
633,1267,114,1
634,1541,120,2
635,1144,137,1
636,1008,104,2
637,1614,177,4
638,1677,109,5
639,1530,112,3
640,1075,105,2
641,1467,190,3
642,1426,137,5
643,1836,199,3
644,1734,140,4
645,1756,197,3
646,1952,165,3
647,1754,182,4
648,1235,175,2
649,1540,153,2
650,1186,194,5
651,1234,139,3
652,1492,142,1
653,1436,133,2
654,1138,196,5
655,1453,165,2
656,1588,131,5
657,1508,180,4
658,1486,176,1
659,1602,129,3
660,1261,105,5
661,1596,159,3
662,1461,149,1
663,1526,183,1
664,1974,147,5
665,1878,190,5
666,1159,122,5
667,1005,138,1
668,1605,196,1
669,1548,116,1
670,1693,145,1
671,1638,183,2
672,1405,140,1
673,1091,173,4
674,1142,173,1
675,1420,174,5
676,1057,142,2
677,1485,185,1
678,1283,200,4
679,1654,134,1
680,1638,130,1
681,1574,123,1
682,1445,122,5
683,1511,189,5
684,1445,186,3
685,1490,101,4
686,1134,116,4
687,1317,188,5
688,1118,181,4
689,1947,149,1
690,1443,198,2
691,1348,149,4
692,1741,179,5
693,1702,150,2
694,1598,128,2
695,1967,192,3
696,1875,102,2
697,1669,106,1
698,1233,117,2
699,1352,178,5
700,1221,143,4
701,1589,124,4
702,1583,130,3
703,1474,106,1
704,1854,133,1
705,1152,128,2
706,1192,143,1
707,1478,138,5
708,1916,128,3
709,1940,151,2
710,1467,184,5
711,1607,131,5
712,1997,194,2
713,1779,182,4
714,1165,169,2
715,1844,157,3
716,1173,157,5
717,1054,130,4
718,1880,129,2
719,1628,144,3
720,1575,115,3
721,1505,178,4
722,1379,117,4
723,1597,168,3
724,1634,156,2
725,1546,125,5
726,1999,167,4
727,1282,173,3
728,1768,185,2
729,1399,166,2
730,1010,191,4
731,1013,124,4
732,1617,133,5
733,1514,119,4
734,1778,127,5
735,1329,126,5
736,1472,167,3
737,1714,177,1
738,1516,119,1
739,1737,168,3
740,1946,193,3
741,1547,184,5
742,1357,169,5
743,1716,128,1
744,1691,147,5
745,1121,127,3
746,1242,152,3
747,1301,101,2
748,1109,176,3
749,1349,137,4
750,1055,172,1
751,1614,147,1
752,1044,103,3
753,1501,101,2
754,1474,121,1
755,1811,110,3
756,1761,136,2
757,1330,190,2
758,1710,118,3
759,1061,118,5
760,1993,198,3
761,1403,129,5
762,1008,173,4
763,1311,177,1
764,1733,200,2
765,1893,174,3
766,1450,152,1
767,1284,172,4
768,1307,125,2
769,1962,130,2
770,1622,198,4
771,1839,139,2
772,1305,176,4
773,1922,156,4
774,1359,121,5
775,1588,101,5
776,1017,170,1
777,1312,184,2
778,1498,144,3
779,1438,123,4
780,1334,166,5
781,1982,130,5
782,1336,156,1
783,1784,107,2
784,1708,170,3
785,1110,131,5
786,1442,112,5
787,1503,183,4
788,1302,181,3
789,1978,138,3
790,1093,169,4
791,1800,171,1
792,1534,131,5
793,1768,143,5
794,1144,102,4
795,1258,147,1
796,1317,172,4
797,1415,162,3
798,1705,133,2
799,1915,109,1
800,1609,129,1
801,1565,128,2
802,1596,151,2
803,1392,184,1
804,1038,178,1
805,1203,118,3
806,1610,116,1
807,1105,141,4
808,1374,142,4
809,1689,114,4
810,1083,148,2
811,1704,148,4
812,1712,184,2
813,1188,132,5
814,1798,160,1
815,1358,146,5
816,1387,150,4
817,1014,192,3
818,1283,147,2
819,1446,125,1
820,1417,121,1
821,1530,147,1
822,1877,199,4
823,1623,148,1
824,1112,138,4
825,1098,160,5
826,1654,105,2
827,1184,169,2
828,1100,198,2
829,1339,158,2
830,1408,139,1
831,1724,162,4
832,1539,183,5
833,1860,171,1
834,1928,194,3
835,1409,147,4
836,1549,122,3
837,1331,149,5
838,1049,183,3
839,1188,163,4
840,1878,146,3
841,1610,119,1
842,1717,162,5
843,1176,200,5
844,1455,198,3
845,1315,124,2
846,1856,119,4
847,1719,140,4
848,1440,199,2
849,1144,134,5
850,1648,200,3
851,1068,172,5
852,1654,128,1
853,1443,131,5
854,1796,173,5
855,1088,129,1
856,1419,103,4
857,1084,132,3
858,1941,169,5
859,1138,120,5
860,1644,181,4
861,1464,186,2
862,1935,109,4
863,1597,173,1
864,1465,102,5
865,1968,191,2
866,1156,131,5
867,1694,182,2
868,1274,122,5
869,1104,163,4
870,1650,114,2
871,1350,141,2
872,1222,149,5
873,1931,141,3
874,1728,147,3
875,1932,187,4
876,1782,142,3
877,1727,195,1
878,1834,135,1
879,1600,157,1
880,1495,101,1
881,1661,145,3
882,1066,185,2
883,1529,187,1
884,1969,171,2
885,1742,118,3
886,1676,126,1
887,1208,184,2
888,1767,121,4
889,1693,138,3
890,1110,128,4
891,1340,152,3
892,1710,181,3
893,1483,161,2
894,1922,189,1
895,1198,183,5
896,1541,173,4
897,1243,119,5
898,1007,166,2
899,1836,105,5
900,1670,129,3
901,1296,155,1
902,1706,133,5
903,1975,189,3
904,1700,166,3
905,1925,191,4
906,1573,147,5
907,1275,173,1
908,1521,109,4
909,1618,124,1
910,1288,169,5
911,1273,165,4
912,1378,118,4
913,1322,150,3
914,1066,194,4
915,1179,123,5
916,1688,126,5
917,1718,116,1
918,1375,105,5
919,1863,175,4
920,1916,150,2
921,1103,196,2
922,1733,132,4
923,1136,139,2
924,1739,187,3
925,1426,170,5
926,1150,125,2
927,1976,107,3
928,1271,112,1
929,1349,188,3
930,1870,131,5
931,1960,107,5
932,1857,163,3
933,1873,121,3
934,1665,173,2
935,1286,197,1
936,1745,111,1
937,1643,110,5
938,1388,198,2
939,1183,194,5
940,1439,151,2
941,1144,147,5
942,1137,193,4
943,1314,195,3
944,1943,147,1
945,1243,159,5
946,1290,133,4
947,1943,129,4
948,1282,181,1
949,1582,101,4
950,1202,108,5
951,1376,102,3
952,1826,179,1
953,1069,177,1
954,1387,118,1
955,1685,122,5
956,1766,191,3
957,1986,183,4
958,1827,114,5
959,1683,121,3
960,1209,171,2
961,1654,147,4
962,1305,104,5
963,1799,119,3
964,1830,166,4
965,1440,144,3
966,1481,106,4
967,1128,147,4
968,1613,192,1
969,1383,125,5
970,1725,175,4
971,1762,182,5
972,1731,197,5
973,1705,190,4
974,1884,190,1
975,1230,156,5
976,1992,166,3
977,1956,113,3
978,1229,114,2
979,1474,192,2
980,1417,148,5
981,1729,111,4
982,1015,181,2
983,1524,118,3
984,1183,101,1
985,1229,152,2
986,1360,136,1
987,1880,197,2
988,1658,133,2
989,1862,111,2
990,1704,133,4
991,1110,141,4
992,1768,135,1
993,1366,130,5
994,1889,145,4
995,1890,111,4
996,1786,158,3
997,1856,111,1
998,1794,169,2
999,1701,185,4
1000,1376,118,3
1001,1152,101,4
1002,1029,141,1
1003,1202,162,1
1004,1899,136,3
1005,1650,170,1
1006,1835,130,2
1007,1461,124,3
1008,1171,126,3
1009,1756,198,4
1010,1120,140,5
1011,1795,181,2
1012,1110,174,3
1013,1836,178,3
1014,1135,104,1
1015,1362,171,5
1016,1926,190,4
1017,1473,162,5
1018,1927,127,2
1019,1445,191,1
1020,1479,101,5
1021,1634,108,1
1022,1449,172,1
1023,1293,114,5
1024,1987,166,1
1025,1917,122,2
1026,1191,167,4
1027,1175,160,4
1028,1954,173,1
1029,1096,123,1
1030,1521,146,1
1031,1383,115,2
1032,1789,176,4
1033,1842,148,4
1034,1234,154,2
1035,1915,115,1
1036,1876,163,3
1037,1980,183,4
1038,1497,122,1
1039,1337,129,2
1040,1395,198,2
1041,1394,118,3
1042,1885,181,4
1043,1305,197,5
1044,1965,194,3
1045,1955,121,5
1046,1123,135,3
1047,1819,190,2
1048,1681,104,5
1049,1461,127,4
1050,1263,145,1
1051,1090,135,1
1052,1926,106,5
1053,1429,164,3
1054,1232,187,2
1055,1684,151,3
1056,1284,136,2
1057,1542,137,5
1058,1314,173,3
1059,1023,126,3
1060,1871,137,2
1061,1067,159,4
1062,1563,116,4
1063,1664,194,2
1064,1031,161,5
1065,1291,125,1
1066,1242,169,5
1067,1520,168,1
1068,1639,185,2
1069,1742,184,1
1070,1481,193,1
1071,1547,174,4
1072,1556,144,2
1073,1418,199,5
1074,1056,139,1
1075,1026,189,3
1076,1259,150,4
1077,1239,143,3
1078,1052,130,4
1079,1580,110,4
1080,1753,124,2
1081,1048,136,5
1082,1037,188,4
1083,1209,142,1
1084,1141,197,2
1085,1042,198,1
1086,1642,200,4
1087,1190,163,2
1088,1329,135,2
1089,1729,174,1
1090,1305,118,5
1091,1473,153,3
1092,1206,127,1
1093,1160,136,2
1094,1758,160,4
1095,1838,136,4
1096,1052,178,4
1097,1979,115,3
1098,1947,189,2
1099,1269,140,5
1100,1481,156,1
1101,1552,175,1
1102,1074,164,5
1103,1092,181,4
1104,1087,107,5
1105,1605,147,2
1106,1819,176,3
1107,1705,183,1
1108,1893,157,4
1109,1258,158,1
1110,1437,114,5
1111,1290,115,5
1112,1464,154,4
1113,1034,192,2
1114,1320,169,4
1115,1412,122,5
1116,1364,114,1
1117,1457,143,1
1118,1635,127,2
1119,1256,150,2
1120,1825,115,3
1121,1928,187,5
1122,1340,108,1
1123,1393,115,2
1124,1816,136,2
1125,1602,110,5
1126,1127,139,5
1127,1867,174,3
1128,1817,123,1
1129,1021,109,4
1130,1735,168,3
1131,1740,111,5
1132,1466,104,4
1133,1779,145,5
1134,1746,102,5
1135,1403,161,5
1136,1288,122,4
1137,1529,139,2
1138,1674,110,1
1139,1347,121,1
1140,1547,194,1
1141,1556,178,4
1142,1500,199,5
1143,1974,181,4
1144,1521,180,4
1145,1883,195,4
1146,1924,157,3
1147,1035,141,5
1148,1862,173,1
1149,1565,130,5
1150,1299,117,2
1151,1319,199,1
1152,1788,159,2
1153,1630,121,1
1154,1532,116,2
1155,1717,104,3
1156,1845,146,2
1157,1172,192,1
1158,1357,103,1
1159,1209,172,3
1160,1925,138,2
1161,1876,137,2
1162,1271,121,5
1163,1960,119,5
1164,1067,200,1
1165,1358,127,5
1166,1774,197,1
1167,1079,160,1
1168,1005,173,2
1169,1920,195,2
1170,1368,173,4
1171,1914,164,5
1172,1541,193,3
1173,1339,166,4
1174,1773,180,4
1175,1896,128,1
1176,1768,176,2
1177,1037,126,3
1178,1272,186,2
1179,1600,169,2
1180,1552,165,5
1181,1509,132,3
1182,1293,130,4
1183,1020,142,1
1184,1280,108,5
1185,1620,187,5
1186,1368,103,5
1187,1085,176,3
1188,1761,129,4
1189,1640,183,1
1190,1904,193,3
1191,1424,179,4
1192,1874,134,4
1193,1120,142,5
1194,1809,141,2
1195,1998,178,3
1196,1361,159,2
1197,1611,178,5
1198,1116,168,5
1199,1821,147,2
1200,1557,190,4
1201,1919,128,2
1202,1002,199,3
1203,1345,174,3
1204,1472,190,5
1205,1557,177,2
1206,1543,133,1
1207,1293,165,4
1208,1219,135,1
1209,1575,108,1
1210,1911,148,4
1211,1956,118,5
1212,1984,112,1
1213,1197,145,2
1214,1374,152,4
1215,1454,166,4
1216,1909,106,2
1217,1907,194,4
1218,1732,162,5
1219,1685,116,3
1220,1912,114,4
1221,1821,117,4
1222,1239,111,5
1223,1610,145,1
1224,1029,152,5
1225,1527,153,5
1226,1500,155,1
1227,1329,157,3
1228,1591,168,5
1229,1954,176,3
1230,1804,145,1
1231,1837,150,4
1232,1412,124,1
1233,1251,177,4
1234,1917,114,5
1235,1621,131,1
1236,1558,198,4
1237,1406,110,5
1238,1558,141,1
1239,1222,182,2
1240,1500,142,4
1241,1454,178,5
1242,1117,122,4
1243,1650,108,5
1244,1061,169,4
1245,1788,160,1
1246,1727,104,3
1247,1727,145,3
1248,1279,103,5
1249,1146,171,4
1250,1110,168,4
1251,1653,198,1
1252,1297,144,1
1253,1904,156,4
1254,1485,185,5
1255,1843,175,3
1256,1740,193,2
1257,1116,129,3
1258,1446,131,2
1259,1150,137,1
1260,1876,194,3
1261,1552,165,2
1262,1524,162,3
1263,1112,116,1
1264,1282,149,2
1265,1937,164,5
1266,1067,189,2
1267,1546,160,1
1268,1163,106,5
1269,1468,195,2
1270,1927,192,5
1271,1187,176,3
1272,1234,192,2
1273,1821,188,2
1274,1494,106,4
1275,1577,171,5
1276,1304,186,5
1277,1600,174,4
1278,1449,156,3
1279,1230,123,4
1280,1579,162,2
1281,1600,161,2
1282,2000,117,1
1283,1081,124,5
1284,1234,108,5
1285,1738,183,4
1286,1969,125,3
1287,1891,150,5
1288,1801,120,2
1289,1278,162,2
1290,1841,165,3
1291,1968,189,5
1292,1470,154,5
1293,1178,128,2
1294,1025,192,1
1295,1843,131,1
1296,1624,123,1
1297,1898,177,4
1298,1614,153,2
1299,1748,139,4
1300,1480,198,1
1301,1865,131,4
1302,1085,104,2
1303,1915,155,3
1304,1034,172,3
1305,1065,189,3
1306,1581,160,1
1307,1362,152,4
1308,1822,139,4
1309,1474,108,5
1310,1909,168,1
1311,1035,152,1
1312,1595,141,2
1313,1183,115,2
1314,1449,116,1
1315,1871,145,1
1316,1287,187,1
1317,1464,120,5
1318,1304,135,3
1319,1727,108,1
1320,1159,171,2
1321,1583,165,2
1322,1407,173,3
1323,1203,199,4
1324,1384,162,5
1325,1260,125,5
1326,1856,117,4
1327,1866,101,4
1328,1526,175,1
1329,1183,165,2
1330,1693,121,4
1331,1238,171,4
1332,1765,186,3
1333,1771,178,3
1334,1825,128,1
1335,1584,193,3
1336,1286,179,5
1337,1571,119,1
1338,1009,125,5
1339,1554,155,2
1340,1656,112,3
1341,1504,138,5
1342,1892,127,2
1343,1806,120,5
1344,1516,197,3
1345,1712,175,4
1346,1788,132,5
1347,1289,176,3
1348,1964,183,3
1349,1385,144,4
1350,1709,177,3
1351,1459,161,4
1352,1637,167,4
1353,1373,101,4
1354,1827,159,1
1355,1646,198,2
1356,1168,118,5
1357,1655,175,3
1358,1325,186,1
1359,1750,116,1
1360,1648,160,5
1361,1286,121,3
1362,1225,134,4
1363,1217,128,1
1364,1279,188,1
1365,1753,140,4
1366,1688,154,5
1367,1372,163,4
1368,1860,140,3
1369,1558,128,2
1370,1170,153,4
1371,1676,102,4
1372,1698,112,2
1373,1120,130,3
1374,1832,133,1
1375,1829,113,2
1376,1708,186,2
1377,1808,133,2
1378,1017,114,2
1379,1153,166,3
1380,1223,168,2
1381,1880,199,3
1382,1723,193,4
1383,1251,103,3
1384,1594,110,2
1385,1228,158,4
1386,1324,177,1
1387,1633,177,4
1388,1826,173,2
1389,1396,116,1
1390,1526,147,5
1391,1633,167,5
1392,1538,170,5
1393,1105,183,5
1394,1361,126,3
1395,1351,182,2
1396,1788,175,5
1397,1847,135,2
1398,1772,161,3
1399,1232,167,2
1400,1896,141,4
1401,1829,173,5
1402,1877,114,3
1403,1660,167,1
1404,1899,197,1
1405,1444,109,2
1406,1840,159,2
1407,1624,141,3
1408,1811,162,4
1409,1241,161,3
1410,1109,172,1
1411,1493,170,1
1412,1266,165,4
1413,1586,177,3
1414,1373,110,3
1415,1115,106,5
1416,1899,140,4
1417,1779,130,5
1418,1719,164,3
1419,1977,197,1
1420,1501,154,4
1421,1540,196,5
1422,1316,109,5
1423,1505,177,1
1424,1654,148,5
1425,1270,144,4
1426,1746,103,3
1427,1856,110,1
1428,1710,178,4
1429,1101,157,5
1430,1743,199,3
1431,1431,171,5
1432,1786,144,3
1433,1665,123,2
1434,1848,137,1
1435,1155,140,4
1436,1265,164,5
1437,1915,140,4
1438,1344,166,2
1439,1134,161,4
1440,1414,148,3
1441,1583,133,4
1442,1530,198,1
1443,1621,155,3
1444,1945,159,1
1445,1344,150,4
1446,1976,113,4
1447,1356,160,1
1448,1662,149,1
1449,1242,125,3
1450,1479,181,3
1451,1444,143,4
1452,1596,186,1
1453,1945,199,4
1454,1106,170,3
1455,1963,154,3
1456,1798,127,3
1457,1249,114,2
1458,1807,187,1
1459,1056,151,1
1460,1480,121,3
1461,1031,196,5
1462,1914,155,5
1463,1122,187,3
1464,1188,150,2
1465,1554,162,2
1466,1419,141,4
1467,1350,147,5
1468,1546,144,3
1469,1622,142,2
1470,1783,161,3
1471,1933,182,1
1472,1513,123,5
1473,1423,159,2
1474,1886,189,5
1475,1893,123,1
1476,1737,107,1
1477,1593,120,3
1478,1990,163,5
1479,1189,180,5
1480,1299,148,2
1481,1143,146,4
1482,1111,109,5
1483,1626,111,2
1484,1779,126,3
1485,1417,186,1
1486,1213,135,3
1487,1349,169,1
1488,1930,128,5
1489,1837,156,5
1490,1332,114,2
1491,1940,158,3
1492,1549,144,3
1493,1735,134,4
1494,1531,114,4
1495,1020,180,5
1496,1055,163,4
1497,1222,145,5
1498,1709,182,3
1499,1903,121,1
1500,1466,163,1
1501,1855,151,3
1502,1354,153,2
1503,1032,178,5
1504,1892,128,3
1505,1937,104,3
1506,1897,160,3
1507,1891,160,2
1508,1448,162,5
1509,1237,136,4
1510,1763,164,5
1511,1726,191,3
1512,1694,131,5
1513,1858,108,4
1514,1988,114,5
1515,1449,124,3
1516,1927,104,2
1517,1798,141,1
1518,1509,134,3
1519,1441,167,5
1520,1439,104,1
1521,1606,177,5
1522,1410,180,2
1523,1028,116,4
1524,1475,142,4
1525,1890,131,3
1526,1922,126,5
1527,1637,130,2
1528,1976,111,1
1529,1522,120,1
1530,1888,120,5
1531,1640,143,2
1532,1213,129,3
1533,1311,108,5
1534,1143,136,3
1535,1158,173,4
1536,1853,167,5
1537,1607,182,5
1538,1149,125,1
1539,1496,146,3
1540,1205,127,1
1541,1404,157,4
1542,1653,121,4
1543,1146,103,3
1544,1515,135,3
1545,1636,186,3
1546,1521,171,2
1547,1684,163,2
1548,1217,159,4
1549,1075,138,3
1550,1059,185,5
1551,1522,183,4
1552,1349,139,1
1553,1350,197,2
1554,1163,171,2
1555,1666,141,2
1556,1636,109,5
1557,1396,128,3
1558,1181,160,2
1559,1559,142,5
1560,1022,146,5
1561,1441,187,4
1562,1953,104,3
1563,1216,172,4
1564,1200,183,2
1565,1275,186,3
1566,1821,176,4
1567,1226,163,4
1568,1399,154,4
1569,1566,189,4
1570,1166,183,5
1571,1788,176,1
1572,1931,118,4
1573,1304,102,4
1574,1759,124,4
1575,1980,193,1
1576,1773,192,1
1577,1013,149,4
1578,1290,168,4
1579,1897,119,3
1580,1841,192,3
1581,1147,132,3
1582,1287,170,5
1583,1664,157,4
1584,1497,154,4
1585,1039,195,4
1586,1676,105,2
1587,1527,106,2
1588,1601,153,4
1589,1519,107,3
1590,1656,171,4
1591,1531,106,1
1592,1455,172,1
1593,1481,143,2
1594,1545,108,5
1595,1143,148,4
1596,1772,200,3
1597,1500,187,3
1598,1894,123,1
1599,1429,131,2
1600,1194,103,1
1601,1297,164,1
1602,1560,199,1
1603,1334,186,2
1604,1657,175,1
1605,1277,153,3
1606,1172,180,3
1607,1802,110,2
1608,1774,125,3
1609,1684,174,2
1610,1877,160,2
1611,1048,143,1
1612,1652,198,3
1613,1955,111,2
1614,1642,178,5
1615,1324,176,4
1616,1426,106,3
1617,1741,142,5
1618,1488,199,1
1619,1968,102,2
1620,1377,131,2
1621,1623,145,5
1622,1691,199,3
1623,1858,188,5
1624,1836,182,1
1625,1406,151,5
1626,1291,155,1
1627,1062,142,1
1628,1610,178,1
1629,1768,181,5
1630,1897,181,2
1631,1552,137,4
1632,1404,101,1
1633,1094,186,3
1634,1383,183,3
1635,1692,126,3
1636,1273,105,4
1637,1815,136,4
1638,1541,175,2
1639,1373,199,3
1640,1395,124,2
1641,1950,130,2
1642,1453,133,3
1643,1885,191,5
1644,1967,110,4
1645,1994,149,2
1646,1418,146,1
1647,1574,188,1
1648,1065,130,5
1649,1515,109,5
1650,1381,120,1
1651,1616,111,5
1652,1482,189,3
1653,1220,114,1
1654,1885,120,4
1655,1520,136,2
1656,1432,180,1
1657,1969,129,2
1658,1768,175,1
1659,1401,132,5
1660,1454,117,1
1661,1729,146,1
1662,1510,123,5
1663,1782,121,1
1664,1786,121,5
1665,1732,108,3
1666,1819,117,3
1667,1156,119,4
1668,1679,188,5
1669,1024,174,1
1670,1102,198,1
1671,1951,163,5
1672,1968,115,2
1673,1496,110,3
1674,1333,132,2
1675,1945,183,3
1676,1513,119,1
1677,1034,191,2
1678,1714,139,4
1679,1342,130,3
1680,1479,193,3
1681,1890,146,2
1682,1154,162,5
1683,1836,102,3
1684,1164,111,3
1685,1827,129,2
1686,1034,154,5
1687,1358,148,3
1688,1717,131,1
1689,1008,167,3
1690,1788,189,4
1691,1799,169,3
1692,1540,143,3
1693,1440,191,3
1694,1982,123,2
1695,1407,117,4
1696,1427,200,4
1697,1428,147,4
1698,1592,190,5
1699,1272,143,1
1700,1463,105,1
1701,1434,153,3
1702,1215,145,1
1703,1248,183,2
1704,1909,116,4
1705,1665,101,5
1706,1425,184,3
1707,1476,153,1
1708,1930,189,5
1709,1214,128,5
1710,1251,108,4
1711,1676,150,5
1712,1842,134,2
1713,1767,128,2
1714,1683,190,4
1715,1478,178,1
1716,1898,185,3
1717,1468,191,3
1718,1763,124,5
1719,1029,112,4
1720,1736,150,5
1721,1554,167,4
1722,1865,127,3
1723,1091,141,5
1724,1092,190,3
1725,1964,160,4
1726,1416,134,3
1727,1995,163,5
1728,1786,128,4
1729,1640,107,2
1730,1420,112,5
1731,1973,122,4
1732,1878,105,1
1733,1952,148,1
1734,1060,174,3
1735,1095,178,4
1736,1904,134,5
1737,1064,162,4
1738,1883,126,1
1739,1026,162,4
1740,1524,138,4
1741,1513,151,2
1742,1127,122,1
1743,1406,156,1
1744,1193,170,5
1745,1108,137,1
1746,1838,118,4
1747,1883,141,5
1748,1219,128,4
1749,1037,163,2
1750,1045,127,1
1751,1559,140,5
1752,1176,143,1
1753,1381,142,1
1754,1336,194,1
1755,1795,132,1
1756,1085,170,3
1757,1709,186,3
1758,1714,188,1
1759,1624,164,2
1760,1728,194,1
1761,1890,115,5
1762,1148,134,4
1763,1145,135,2
1764,1949,189,3
1765,1578,122,2
1766,1999,198,2
1767,1580,153,4
1768,1562,110,2
1769,1977,146,4
1770,1179,185,2
1771,1783,189,1
1772,1195,120,3
1773,1206,126,5
1774,1127,130,2
1775,1113,154,5
1776,1907,188,2
1777,1155,150,4
1778,1738,138,2
1779,1712,184,2
1780,1793,157,2
1781,1660,125,3
1782,1248,113,4
1783,1076,138,1
1784,1838,165,4
1785,1339,106,2
1786,1256,130,3
1787,1799,106,4
1788,1819,171,3
1789,1355,154,5
1790,1349,152,5
1791,1605,141,5
1792,1030,124,3
1793,1831,107,1
1794,1414,159,2
1795,1872,185,5
1796,1926,197,3
1797,1040,152,5
1798,1555,191,1
1799,1891,132,2
1800,1468,132,4
1801,1771,179,1
1802,1680,141,4
1803,1593,106,1
1804,1061,172,2
1805,1012,107,3
1806,1665,137,2
1807,1223,125,4
1808,1379,196,3
1809,1756,131,3
1810,1888,112,2
1811,1154,112,3
1812,1810,179,4
1813,1346,128,5
1814,1479,123,2
1815,1304,192,5
1816,1851,120,3
1817,1644,183,2
1818,1132,173,1
1819,1838,144,4
1820,1554,142,5
1821,1750,134,3
1822,1150,188,4
1823,1865,138,1
1824,1451,127,3
1825,1467,110,3
1826,1862,121,3
1827,1164,178,3
1828,1492,166,1
1829,1317,128,2
1830,1787,105,4
1831,1862,111,2
1832,1652,147,2
1833,1753,116,3
1834,1650,175,4
1835,1170,114,5
1836,1787,107,1
1837,1334,103,4
1838,1205,199,1
1839,1099,166,2
1840,1201,174,3
1841,1852,140,4
1842,1621,113,1
1843,1158,127,3
1844,1307,105,3
1845,1036,198,4
1846,1426,180,2
1847,1322,161,3
1848,1954,197,2
1849,1220,118,3
1850,1476,137,4
1851,1166,160,4
1852,1482,127,2
1853,1197,150,3
1854,1791,119,3
1855,1555,198,4
1856,1990,161,4
1857,1896,165,1
1858,1338,193,1
1859,1032,190,4
1860,1063,165,4
1861,1797,140,3
1862,1512,153,5
1863,1677,188,2
1864,1748,185,4
1865,1501,133,5
1866,1254,143,4
1867,1329,147,4
1868,1829,164,2
1869,1674,155,5
1870,1383,111,1
1871,1692,170,1
1872,1737,181,3
1873,1223,130,1
1874,1460,198,5
1875,1497,119,4
1876,1289,171,4
1877,1188,122,1
1878,1463,198,1
1879,1392,182,4
1880,1416,191,4
1881,1791,175,4
1882,1257,130,3
1883,1421,159,4
1884,1060,103,3
1885,1689,166,2
1886,1919,181,4
1887,1717,134,4
1888,1678,182,2
1889,1236,164,3
1890,1536,199,4
1891,1277,151,1
1892,1609,158,2
1893,1732,105,4
1894,1322,111,1
1895,1334,143,5
1896,1609,142,4
1897,1123,195,4
1898,1840,167,2
1899,1644,113,5
1900,1008,184,3
1901,1109,198,4
1902,1027,154,1
1903,1519,171,2
1904,1981,190,2
1905,1188,176,4
1906,1305,139,1
1907,1114,123,3
1908,1573,200,4
1909,1862,193,4
1910,1128,122,5
1911,1015,135,4
1912,1158,190,2
1913,1772,151,1
1914,1537,126,2
1915,1420,141,2
1916,1622,126,4
1917,1082,117,2
1918,1851,153,2
1919,1517,189,4
1920,1628,109,3
1921,1865,156,5
1922,1670,148,3
1923,1787,104,4
1924,1287,138,3
1925,1955,117,5
1926,1391,192,3
1927,1368,116,1
1928,1578,176,3
1929,1164,169,3
1930,1032,163,2
1931,1975,154,3
1932,1261,166,2
1933,1534,115,5
1934,1852,112,5
1935,1481,186,1
1936,1376,119,4
1937,1870,198,5
1938,1458,173,5
1939,1110,180,3
1940,1890,167,1
1941,1558,185,1
1942,1449,113,3
1943,1732,120,5
1944,1038,194,2
1945,1744,150,4
1946,1697,131,1
1947,1374,182,3
1948,1780,191,5
1949,1723,172,5
1950,1550,131,5
1951,1524,141,1
1952,1068,166,3
1953,1455,111,2
1954,1883,189,3
1955,1614,174,5
1956,1598,148,5
1957,1203,161,4
1958,1281,167,4
1959,1376,157,3
1960,1302,145,1
1961,1987,137,3
1962,1118,168,2
1963,1702,185,3
1964,1556,155,5
1965,1108,179,5
1966,1058,120,3
1967,1074,199,3
1968,1568,122,1
1969,1932,165,1
1970,1724,148,2
1971,1065,127,5
1972,1334,182,5
1973,1615,193,3
1974,1645,185,2
1975,1070,112,3
1976,1189,184,1
1977,1408,160,5
1978,1905,115,3
1979,1820,197,2
1980,1885,194,4
1981,1758,157,1
1982,1139,175,4
1983,1781,119,2
1984,1918,168,5
1985,1057,186,3
1986,1452,196,5
1987,1130,181,4
1988,1876,156,4
1989,1599,129,2
1990,1402,193,4
1991,1090,165,1
1992,1377,134,1
1993,1996,180,3
1994,1617,192,2
1995,1754,190,5
1996,1073,136,2
1997,1243,135,5
1998,1336,123,4
1999,1480,120,5
2000,1160,166,2