shipment_id,order_id,truck_id,shipped_date,delivery_date,delivery_status
501,1912,243,2025-02-22,2025-02-25,Delayed
502,1356,213,2025-06-13,2025-06-17,Delivered
503,1891,206,2025-05-19,2025-05-24,Delivered
504,1924,228,2025-05-08,2025-05-09,Delivered
505,1160,239,2025-05-21,2025-05-26,Delivered
506,1844,202,2025-05-17,2025-05-19,Delivered
507,1968,227,2025-06-14,2025-06-17,Delivered
508,1048,224,2025-06-13,2025-06-16,Delivered
509,1323,239,2025-06-02,2025-06-06,Delivered
510,1638,208,2025-06-11,2025-06-13,Delivered
511,1321,222,2025-05-05,2025-05-08,Delivered
512,1540,217,2025-06-09,2025-06-14,Delivered
513,1769,236,2025-01-13,2025-01-14,Delivered
514,1520,210,2025-05-25,2025-05-28,Delayed
515,1919,219,2025-04-27,2025-04-29,Delayed
516,1349,244,2025-03-19,2025-03-23,Delivered
517,1260,247,2025-04-08,2025-04-12,Delivered
518,1133,221,2025-04-27,2025-05-02,Delivered
519,1261,201,2025-03-09,2025-03-12,Delivered
520,1014,212,2025-04-23,2025-04-24,Delivered
521,1452,219,2025-05-31,2025-06-01,Delivered
522,1225,242,2025-05-12,2025-05-14,Delivered
523,1101,210,2025-06-13,2025-06-16,Delivered
524,1918,219,2025-06-13,2025-06-15,Delivered
525,1304,233,2025-01-17,2025-01-19,Delivered
526,1563,203,2025-05-06,2025-05-09,Delivered
527,1661,231,2025-01-18,2025-01-20,Delivered
528,1425,217,2025-05-31,2025-06-02,Delivered
529,1866,222,2025-02-18,2025-02-21,Delayed
530,1784,205,2025-06-03,2025-06-05,Delayed
531,1920,231,2025-06-14,2025-06-18,Delivered
532,1924,248,2025-01-30,2025-01-31,Delivered
533,1790,206,2025-04-12,2025-04-14,Delayed
534,1662,203,2025-06-08,2025-06-09,Delivered
535,1715,226,2025-05-29,2025-06-03,Delivered
536,1691,202,2025-04-23,2025-04-28,Delivered
537,1055,234,2025-04-01,2025-04-04,Delivered
538,1926,220,2025-05-23,2025-05-27,Delivered
539,1937,218,2025-03-08,2025-03-11,Delayed
540,1051,241,2025-05-19,2025-05-24,Delivered
541,1681,217,2025-04-21,2025-04-22,Delivered
542,1273,216,2025-04-13,2025-04-15,Delayed
543,1239,250,2025-06-06,2025-06-08,Delivered
544,1527,209,2025-05-27,2025-05-31,Delivered
545,1732,222,2025-05-29,2025-05-31,Delivered
546,1273,213,2025-02-03,2025-02-06,Delivered
547,1552,236,2025-06-10,2025-06-15,Delayed
548,1079,235,2025-05-17,2025-05-20,Delivered
549,1168,205,2025-05-17,2025-05-18,Delivered
550,1458,236,2025-04-22,2025-04-23,Delayed
551,1382,248,2025-05-21,2025-05-25,Delivered
552,1992,228,2025-03-30,2025-03-31,Delivered
553,1352,248,2025-04-07,2025-04-10,Delivered
554,1339,214,2025-04-30,2025-05-04,Delivered
555,1115,210,2025-05-20,2025-05-23,Delivered
556,1967,201,2025-04-09,2025-04-10,Delivered
557,1831,237,2025-03-18,2025-03-21,Delivered
558,1686,232,2025-04-25,2025-04-30,Delivered
559,1785,233,2025-05-18,2025-05-22,Delivered
560,1775,208,2025-06-09,2025-06-10,Delayed
561,1611,245,2025-06-09,2025-06-12,Delivered
562,1485,216,2025-05-15,2025-05-17,Delivered
563,1772,218,2025-04-17,2025-04-21,Delivered
564,1692,214,2025-02-07,2025-02-11,Delayed
565,1289,224,2025-04-14,2025-04-17,Delivered
566,1222,238,2025-05-07,2025-05-12,Delivered
567,1186,220,2025-05-07,2025-05-09,Delivered
568,1365,246,2025-04-28,2025-05-01,Delayed
569,1438,242,2025-05-17,2025-05-22,Delivered
570,1208,221,2025-06-10,2025-06-12,Delivered
571,1267,245,2025-06-03,2025-06-04,Delayed
572,1848,218,2025-03-17,2025-03-21,Delivered
573,1669,227,2025-04-15,2025-04-16,Delivered
574,1825,240,2025-06-03,2025-06-08,Delivered
575,1161,233,2025-05-06,2025-05-09,Delayed
576,1851,220,2025-06-07,2025-06-08,Delivered
577,1701,246,2025-01-23,2025-01-26,Delivered
578,1307,221,2025-03-25,2025-03-26,Delivered
579,1471,203,2025-05-26,2025-05-30,Delivered
580,1055,214,2025-04-12,2025-04-13,Delivered
581,1806,241,2025-02-12,2025-02-14,Delivered
582,1608,248,2025-04-23,2025-04-28,Delivered
583,1258,211,2025-02-02,2025-02-05,Delivered
584,1706,238,2025-05-05,2025-05-10,Delivered
585,1908,217,2025-04-02,2025-04-03,Delayed
586,1859,223,2025-04-06,2025-04-07,Delivered
587,1171,247,2025-06-13,2025-06-16,Delivered
588,1039,213,2025-05-20,2025-05-23,Delayed
589,1637,221,2025-05-21,2025-05-23,Delivered
590,1129,215,2025-03-22,2025-03-24,Delivered
591,1662,202,2025-02-28,2025-03-04,Delivered
592,1981,204,2025-06-01,2025-06-06,Delayed
593,1548,245,2025-05-22,2025-05-26,Delivered
594,1268,235,2025-06-06,2025-06-10,Delivered
595,1062,245,2025-05-04,2025-05-09,Delivered
596,1583,204,2025-06-10,2025-06-12,Delivered
597,1214,201,2025-03-09,2025-03-10,Delivered
598,1323,247,2025-06-11,2025-06-15,Delivered
599,1859,248,2025-04-10,2025-04-12,Delayed
600,1161,232,2025-04-23,2025-04-26,Delivered
601,1472,213,2025-03-04,2025-03-06,Delivered
602,1391,247,2025-06-14,2025-06-15,Delivered
603,1961,212,2025-06-02,2025-06-07,Delivered
604,1455,217,2025-04-14,2025-04-15,Delivered
605,1397,232,2024-12-30,2025-01-04,Delivered
606,1696,241,2025-03-29,2025-03-31,Delivered
607,1893,230,2025-01-22,2025-01-25,Delivered
608,1516,235,2025-05-10,2025-05-14,Delivered
609,1831,236,2025-03-20,2025-03-23,Delivered
610,1453,225,2025-03-16,2025-03-20,Delivered
611,1063,248,2025-05-06,2025-05-11,Delivered
612,1107,206,2025-05-17,2025-05-22,Delivered
613,1425,239,2025-04-14,2025-04-19,Delivered
614,1555,201,2025-04-06,2025-04-07,Delivered
615,1036,234,2025-05-19,2025-05-22,Delayed
616,1188,209,2025-02-04,2025-02-06,Delivered
617,1846,209,2025-06-03,2025-06-08,Delivered
618,1861,214,2025-04-08,2025-04-12,Delivered
619,1606,228,2025-06-11,2025-06-16,Delivered
620,1191,239,2025-01-14,2025-01-17,Delivered
621,1739,232,2025-06-09,2025-06-14,Delivered
622,1046,228,2025-04-27,2025-05-01,Delayed
623,1422,220,2025-06-12,2025-06-13,Delivered
624,1536,228,2025-02-27,2025-03-02,Delivered
625,1442,211,2025-05-10,2025-05-15,Delivered
626,1133,245,2025-03-31,2025-04-04,Delayed
627,1548,245,2025-04-08,2025-04-10,Delivered
628,1297,241,2025-05-31,2025-06-01,Delivered
629,1473,205,2025-06-11,2025-06-16,Delivered
630,1584,214,2025-06-08,2025-06-10,Delivered
631,1849,234,2025-06-14,2025-06-18,Delivered
632,1567,241,2025-05-29,2025-05-31,Delayed
633,1499,226,2025-06-06,2025-06-09,Delivered
634,1698,247,2025-01-31,2025-02-05,Delivered
635,1505,201,2025-05-18,2025-05-21,Delivered
636,1182,216,2025-06-11,2025-06-13,Delayed
637,1889,244,2025-06-12,2025-06-16,Delayed
638,1697,239,2025-05-04,2025-05-06,Delivered
639,1790,214,2025-05-01,2025-05-03,Delivered
640,1013,236,2025-04-27,2025-05-02,Delivered
641,1091,249,2025-06-03,2025-06-05,Delivered
642,1197,218,2025-02-27,2025-03-04,Delivered
643,1453,203,2025-04-21,2025-04-24,Delivered
644,1975,236,2025-04-14,2025-04-15,Delivered
645,1663,237,2025-02-20,2025-02-24,Delivered
646,1250,215,2025-04-16,2025-04-20,Delivered
647,1519,201,2025-05-11,2025-05-16,Delivered
648,1817,250,2025-03-29,2025-04-01,Delivered
649,1741,218,2025-06-13,2025-06-14,Delivered
650,1674,235,2025-04-09,2025-04-14,Delivered
651,1544,216,2025-04-01,2025-04-02,Delayed
652,1709,234,2025-01-17,2025-01-22,Delivered
653,1374,223,2025-06-09,2025-06-12,Delivered
654,1626,234,2025-06-01,2025-06-02,Delivered
655,1832,247,2025-06-06,2025-06-07,Delivered
656,1784,215,2025-06-07,2025-06-10,Delivered
657,1970,244,2025-04-03,2025-04-06,Delivered
658,1501,227,2025-05-10,2025-05-15,Delayed
659,1149,247,2025-03-30,2025-04-04,Delivered
660,1375,231,2025-03-27,2025-03-31,Delivered
661,1558,230,2025-03-31,2025-04-01,Delivered
662,1990,202,2025-05-22,2025-05-27,Delivered
663,1443,210,2025-05-05,2025-05-10,Delivered
664,1281,208,2025-06-04,2025-06-08,Delayed
665,1029,247,2025-05-17,2025-05-19,Delivered
666,1313,226,2025-05-18,2025-05-23,Delivered
667,1262,234,2025-06-09,2025-06-12,Delivered
668,1393,248,2025-02-24,2025-02-26,Delivered
669,1829,210,2025-05-26,2025-05-27,Delivered
670,1937,234,2025-05-21,2025-05-22,Delayed
671,1439,201,2025-03-28,2025-03-29,Delivered
672,1223,218,2025-06-11,2025-06-14,Delivered
673,1248,209,2025-04-10,2025-04-13,Delivered
674,1247,221,2025-06-08,2025-06-10,Delivered
675,1969,201,2025-05-11,2025-05-15,Delivered
676,1966,249,2025-03-14,2025-03-15,Delayed
677,1642,233,2025-04-19,2025-04-24,Delivered
678,1090,226,2025-06-12,2025-06-16,Delivered
679,1302,212,2025-06-02,2025-06-03,Delivered
680,1041,216,2025-03-04,2025-03-09,Delivered
681,1658,219,2025-02-28,2025-03-01,Delivered
682,1868,229,2025-06-12,2025-06-17,Delayed
683,1002,231,2024-12-31,2025-01-01,Delayed
684,1123,231,2025-06-03,2025-06-05,Delivered
685,1209,225,2025-05-16,2025-05-18,Delivered
686,1575,250,2025-05-15,2025-05-16,Delivered
687,1949,206,2025-02-13,2025-02-14,Delivered
688,1953,204,2025-02-12,2025-02-13,Delivered
689,1938,216,2025-04-18,2025-04-19,Delayed
690,1365,238,2025-03-07,2025-03-10,Delivered
691,1734,215,2025-04-13,2025-04-15,Delivered
692,1918,229,2025-06-12,2025-06-16,Delivered
693,1924,225,2025-04-10,2025-04-12,Delivered
694,1625,226,2025-05-22,2025-05-24,Delayed
695,1761,232,2025-05-07,2025-05-08,Delivered
696,1815,201,2025-04-04,2025-04-09,Delivered
697,1051,202,2025-05-05,2025-05-07,Delivered
698,1421,206,2025-05-01,2025-05-06,Delayed
699,1594,203,2025-06-06,2025-06-11,Delivered
700,1332,210,2025-06-02,2025-06-05,Delayed
701,1747,201,2025-02-27,2025-03-01,Delayed
702,1623,211,2025-05-18,2025-05-19,Delivered
703,1039,235,2025-05-10,2025-05-12,Delayed
704,1443,234,2025-06-13,2025-06-16,Delayed
705,1393,239,2025-03-22,2025-03-23,Delayed
706,1536,226,2025-04-30,2025-05-02,Delivered
707,1787,201,2025-06-07,2025-06-10,Delivered
708,1242,236,2025-05-05,2025-05-06,Delayed
709,1065,231,2025-05-19,2025-05-22,Delivered
710,1843,221,2025-05-31,2025-06-02,Delivered
711,1230,238,2025-02-27,2025-03-01,Delivered
712,1779,247,2025-03-22,2025-03-27,Delivered
713,1868,235,2025-06-12,2025-06-17,Delivered
714,1640,221,2025-05-19,2025-05-21,Delivered
715,1183,244,2025-05-27,2025-05-28,Delayed
716,1507,230,2025-05-30,2025-06-01,Delayed
717,1551,202,2025-04-03,2025-04-06,Delivered
718,1389,204,2025-05-20,2025-05-25,Delivered
719,1797,203,2025-06-11,2025-06-13,Delayed
720,1575,225,2025-04-12,2025-04-15,Delivered
721,1881,241,2025-03-01,2025-03-05,Delivered
722,1083,221,2025-05-31,2025-06-02,Delivered
723,1589,231,2025-05-01,2025-05-03,Delayed
724,1231,205,2025-02-05,2025-02-07,Delivered
725,1021,234,2025-06-04,2025-06-07,Delivered
726,1244,234,2025-05-15,2025-05-20,Delivered
727,1480,243,2025-04-29,2025-05-01,Delayed
728,1936,232,2025-06-03,2025-06-08,Delivered
729,1371,224,2025-05-14,2025-05-19,Delivered
730,1883,249,2025-06-12,2025-06-14,Delivered
731,1436,226,2025-05-07,2025-05-09,Delivered
732,1868,218,2025-06-09,2025-06-12,Delivered
733,1125,229,2025-05-15,2025-05-19,Delivered
734,1696,242,2025-01-13,2025-01-14,Delivered
735,1729,215,2025-03-02,2025-03-05,Delivered
736,1329,246,2025-06-05,2025-06-10,Delivered
737,1278,234,2025-05-16,2025-05-19,Delayed
738,1688,223,2025-06-04,2025-06-09,Delayed
739,1041,201,2025-03-10,2025-03-14,Delivered
740,1870,241,2025-05-23,2025-05-24,Delivered
741,1272,237,2025-03-24,2025-03-29,Delivered
742,1535,224,2025-05-20,2025-05-24,Delivered
743,1853,213,2025-06-02,2025-06-06,Delivered
744,1345,248,2025-05-01,2025-05-04,Delivered
745,1977,241,2025-06-10,2025-06-15,Delivered
746,1531,218,2025-05-22,2025-05-25,Delivered
747,1035,246,2025-02-20,2025-02-23,Delivered
748,1610,243,2025-06-03,2025-06-08,Delivered
749,1571,209,2025-01-25,2025-01-30,Delivered
750,1454,232,2025-03-10,2025-03-14,Delivered
751,1979,231,2025-05-18,2025-05-21,Delivered
752,1459,228,2025-05-24,2025-05-28,Delivered
753,1360,226,2025-03-22,2025-03-26,Delivered
754,1721,215,2025-05-19,2025-05-22,Delivered
755,1218,240,2025-06-09,2025-06-10,Delivered
756,1732,232,2025-03-22,2025-03-23,Delayed
757,1683,206,2025-04-13,2025-04-14,Delivered
758,1069,210,2025-05-23,2025-05-24,Delivered
759,1742,203,2025-01-07,2025-01-11,Delivered
760,1355,213,2025-05-15,2025-05-16,Delivered
761,1456,250,2025-03-17,2025-03-21,Delivered
762,1975,242,2025-02-09,2025-02-11,Delayed
763,1683,206,2025-04-25,2025-04-28,Delivered
764,1844,243,2025-06-12,2025-06-16,Delivered
765,1042,225,2025-04-23,2025-04-28,Delivered
766,1974,245,2025-04-17,2025-04-22,Delayed
767,1182,207,2025-06-06,2025-06-07,Delayed
768,1187,245,2025-05-28,2025-05-29,Delayed
769,1717,211,2025-05-29,2025-06-02,Delivered
770,1406,212,2025-05-25,2025-05-26,Delivered
771,1142,213,2025-05-07,2025-05-08,Delivered
772,1139,242,2025-04-19,2025-04-23,Delayed
773,1350,228,2025-02-26,2025-03-02,Delivered
774,1952,224,2025-04-06,2025-04-08,Delayed
775,1493,228,2025-05-27,2025-06-01,Delivered
776,1315,206,2025-04-09,2025-04-10,Delivered
777,1613,242,2025-06-05,2025-06-09,Delivered
778,1239,225,2025-06-04,2025-06-08,Delivered
779,1880,203,2025-05-22,2025-05-25,Delivered
780,1427,225,2025-05-04,2025-05-06,Delivered
781,1938,243,2025-06-01,2025-06-05,Delivered
782,1739,245,2025-05-06,2025-05-07,Delivered
783,1773,208,2025-04-27,2025-04-30,Delayed
784,1952,249,2025-05-31,2025-06-04,Delivered
785,1124,218,2025-02-02,2025-02-06,Delayed
786,1036,221,2025-04-30,2025-05-02,Delivered
787,1343,220,2025-06-10,2025-06-13,Delivered
788,1405,239,2025-06-09,2025-06-14,Delivered
789,1244,231,2025-04-11,2025-04-15,Delivered
790,1965,215,2025-06-01,2025-06-02,Delayed
791,1059,241,2025-06-07,2025-06-08,Delivered
792,1394,242,2025-03-10,2025-03-14,Delayed
793,1322,230,2025-04-24,2025-04-29,Delivered
794,1982,232,2025-03-12,2025-03-15,Delivered
795,1794,250,2025-05-29,2025-06-03,Delivered
796,1933,236,2025-04-30,2025-05-03,Delivered
797,1004,232,2025-05-31,2025-06-01,Delayed
798,1972,247,2025-05-02,2025-05-05,Delivered
799,1197,222,2025-05-13,2025-05-16,Delivered
800,1842,223,2025-05-25,2025-05-29,Delivered
801,1993,213,2025-05-12,2025-05-14,Delivered
802,1967,215,2025-06-09,2025-06-10,Delivered
803,1997,234,2025-04-29,2025-05-04,Delivered
804,1817,217,2025-02-27,2025-03-02,Delayed
805,1838,215,2025-05-04,2025-05-07,Delivered
806,1810,229,2025-06-14,2025-06-19,Delivered
807,1584,247,2025-06-05,2025-06-08,Delivered
808,1087,227,2025-06-04,2025-06-05,Delivered
809,1757,249,2025-05-14,2025-05-15,Delivered
810,1189,241,2025-02-16,2025-02-19,Delayed
811,1799,209,2025-04-19,2025-04-21,Delivered
812,1666,206,2025-05-10,2025-05-12,Delivered
813,1136,248,2025-02-23,2025-02-24,Delivered
814,1713,202,2025-05-10,2025-05-15,Delivered
815,1850,235,2025-06-12,2025-06-13,Delivered
816,1405,210,2025-06-11,2025-06-13,Delivered
817,1249,242,2025-02-21,2025-02-25,Delayed
818,1649,211,2025-06-06,2025-06-10,Delivered
819,1111,221,2025-05-12,2025-05-17,Delivered
820,1638,237,2025-05-14,2025-05-19,Delivered
821,1988,213,2025-04-19,2025-04-21,Delivered
822,1162,212,2025-05-10,2025-05-14,Delivered
823,1274,216,2025-05-07,2025-05-10,Delivered
824,1438,244,2025-05-25,2025-05-27,Delivered
825,1545,250,2025-05-14,2025-05-18,Delayed
826,1459,242,2025-05-09,2025-05-11,Delayed
827,1703,235,2025-02-12,2025-02-16,Delivered
828,1956,250,2025-04-26,2025-05-01,Delayed
829,1051,216,2025-05-29,2025-05-30,Delivered
830,1881,201,2025-05-30,2025-06-04,Delivered
831,1250,235,2025-06-06,2025-06-07,Delivered
832,1188,213,2025-01-23,2025-01-25,Delivered
833,1541,245,2025-06-10,2025-06-12,Delivered
834,1770,215,2025-02-15,2025-02-17,Delivered
835,1789,230,2025-04-18,2025-04-20,Delivered
836,1830,210,2025-05-03,2025-05-06,Delivered
837,1878,222,2025-06-09,2025-06-10,Delivered
838,1828,222,2025-06-14,2025-06-16,Delivered
839,1540,244,2025-03-30,2025-04-01,Delivered
840,1235,209,2025-04-07,2025-04-08,Delivered
841,1261,250,2025-05-06,2025-05-08,Delivered
842,1449,211,2025-04-22,2025-04-24,Delivered
843,1795,231,2025-04-19,2025-04-24,Delayed
844,1602,237,2025-03-06,2025-03-09,Delivered
845,1737,208,2025-06-09,2025-06-13,Delayed
846,1784,245,2025-05-28,2025-05-30,Delivered
847,1478,239,2025-06-03,2025-06-08,Delivered
848,1115,241,2025-05-30,2025-06-01,Delivered
849,1845,239,2025-06-11,2025-06-13,Delivered
850,1672,206,2025-05-01,2025-05-06,Delivered
851,1758,227,2025-06-06,2025-06-10,Delayed
852,1145,248,2025-06-11,2025-06-12,Delivered
853,1083,246,2025-05-14,2025-05-18,Delivered
854,1606,240,2025-06-02,2025-06-04,Delivered
855,1037,212,2025-06-10,2025-06-11,Delivered
856,1049,236,2025-05-22,2025-05-24,Delivered
857,1288,227,2025-05-22,2025-05-27,Delivered
858,1898,244,2025-05-12,2025-05-17,Delivered
859,1274,246,2025-05-12,2025-05-13,Delivered
860,1907,232,2025-05-28,2025-06-02,Delivered
861,1861,242,2025-04-30,2025-05-05,Delivered
862,1395,219,2025-04-29,2025-05-03,Delivered
863,1445,213,2025-05-23,2025-05-25,Delivered
864,1179,209,2025-06-13,2025-06-14,Delivered
865,1899,205,2025-06-06,2025-06-07,Delivered
866,1938,231,2025-03-26,2025-03-31,Delivered
867,1354,237,2025-05-24,2025-05-26,Delivered
868,1536,218,2025-02-22,2025-02-26,Delivered
869,1883,230,2025-06-04,2025-06-07,Delayed
870,1460,224,2025-06-02,2025-06-05,Delayed
871,1672,228,2025-05-14,2025-05-16,Delivered
872,1388,226,2025-01-26,2025-01-30,Delivered
873,1895,215,2025-03-13,2025-03-17,Delivered
874,1241,201,2025-06-09,2025-06-13,Delivered
875,1783,215,2025-06-07,2025-06-08,Delivered
876,1137,230,2025-03-28,2025-03-29,Delivered
877,1819,201,2025-05-31,2025-06-03,Delivered
878,1409,224,2025-05-14,2025-05-16,Delivered
879,1336,232,2025-06-08,2025-06-10,Delivered
880,1028,236,2025-04-26,2025-04-30,Delayed
881,1707,218,2025-06-06,2025-06-07,Delivered
882,1821,223,2025-04-03,2025-04-08,Delivered
883,1924,241,2025-02-10,2025-02-12,Delivered
884,1494,211,2025-06-14,2025-06-16,Delivered
885,1265,208,2025-01-28,2025-01-29,Delayed
886,1914,223,2025-04-08,2025-04-13,Delivered
887,1450,206,2025-05-14,2025-05-17,Delivered
888,1338,218,2025-04-22,2025-04-24,Delivered
889,1659,236,2025-05-28,2025-06-01,Delivered
890,1751,224,2025-05-04,2025-05-06,Delivered
891,1922,227,2025-05-29,2025-06-02,Delivered
892,1875,238,2025-05-03,2025-05-07,Delivered
893,1772,215,2025-01-29,2025-02-03,Delivered
894,1478,226,2025-01-03,2025-01-05,Delivered
895,1920,250,2025-06-10,2025-06-13,Delivered
896,1928,247,2025-03-11,2025-03-13,Delivered
897,1460,224,2025-06-11,2025-06-16,Delayed
898,1488,204,2025-05-30,2025-06-04,Delivered
899,1291,248,2025-06-10,2025-06-12,Delivered
900,1345,216,2025-06-04,2025-06-07,Delivered
901,1105,233,2025-05-23,2025-05-26,Delivered
902,1242,226,2025-05-06,2025-05-10,Delivered
903,1197,210,2025-05-24,2025-05-27,Delivered
904,1230,227,2025-01-30,2025-02-01,Delivered
905,1814,247,2025-04-22,2025-04-23,Delivered
906,1594,208,2025-02-13,2025-02-18,Delivered
907,1579,207,2025-04-22,2025-04-23,Delivered
908,1835,222,2025-05-31,2025-06-02,Delivered
909,1919,248,2025-06-08,2025-06-13,Delayed
910,1621,238,2025-02-23,2025-02-24,Delivered
911,1622,202,2025-06-10,2025-06-15,Delivered
912,1251,233,2025-05-02,2025-05-05,Delayed
913,1642,234,2025-05-07,2025-05-11,Delivered
914,1822,225,2025-06-14,2025-06-18,Delivered
915,1834,227,2025-06-03,2025-06-04,Delivered
916,1830,213,2025-05-09,2025-05-13,Delivered
917,1980,201,2025-06-11,2025-06-14,Delivered
918,1520,226,2025-06-03,2025-06-05,Delayed
919,1135,214,2025-04-09,2025-04-11,Delivered
920,1786,215,2025-06-09,2025-06-14,Delivered
921,1715,219,2025-05-19,2025-05-23,Delivered
922,1894,241,2025-04-23,2025-04-28,Delayed
923,1370,243,2025-06-13,2025-06-16,Delivered
924,1088,231,2025-04-18,2025-04-23,Delivered
925,1436,212,2025-04-19,2025-04-23,Delivered
926,1950,210,2025-05-17,2025-05-19,Delivered
927,1079,221,2025-03-10,2025-03-11,Delayed
928,1762,219,2025-05-13,2025-05-16,Delivered
929,1451,245,2025-06-13,2025-06-16,Delivered
930,1602,203,2025-01-30,2025-02-03,Delivered
931,1984,230,2025-02-08,2025-02-09,Delivered
932,1105,224,2025-05-22,2025-05-24,Delivered
933,1249,213,2025-05-16,2025-05-18,Delivered
934,1097,214,2025-02-14,2025-02-19,Delivered
935,1968,206,2025-04-30,2025-05-04,Delivered
936,1125,231,2025-04-03,2025-04-05,Delivered
937,1330,227,2025-05-26,2025-05-31,Delivered
938,1719,245,2025-04-01,2025-04-04,Delivered
939,1192,219,2025-04-02,2025-04-07,Delivered
940,1714,231,2025-05-29,2025-06-03,Delayed
941,1263,208,2025-05-21,2025-05-24,Delivered
942,1741,218,2025-04-13,2025-04-17,Delivered
943,1220,211,2025-04-25,2025-04-28,Delivered
944,1712,225,2025-05-15,2025-05-16,Delivered
945,1772,223,2025-05-05,2025-05-10,Delivered
946,1255,244,2025-04-17,2025-04-19,Delivered
947,1790,209,2025-04-30,2025-05-05,Delivered
948,1764,201,2025-06-05,2025-06-08,Delivered
949,1224,212,2025-05-25,2025-05-28,Delivered
950,1935,227,2025-05-29,2025-05-30,Delivered
951,1143,229,2025-05-26,2025-05-27,Delayed
952,1439,214,2025-04-24,2025-04-29,Delivered
953,1518,226,2025-05-17,2025-05-19,Delivered
954,1923,229,2025-05-30,2025-05-31,Delivered
955,1743,236,2025-04-15,2025-04-17,Delivered
956,1349,206,2025-03-02,2025-03-03,Delivered
957,1540,244,2025-02-09,2025-02-10,Delivered
958,1357,203,2025-05-19,2025-05-20,Delivered
959,1500,212,2025-05-22,2025-05-25,Delivered
960,1321,236,2025-04-17,2025-04-19,Delivered
961,1756,246,2025-04-18,2025-04-23,Delivered
962,1252,225,2025-05-22,2025-05-24,Delivered
963,1209,216,2025-04-25,2025-04-28,Delivered
964,1178,237,2025-03-31,2025-04-01,Delivered
965,1377,220,2025-04-15,2025-04-20,Delivered
966,1394,222,2025-03-01,2025-03-04,Delivered
967,1244,245,2025-04-09,2025-04-12,Delivered
968,1283,225,2025-04-26,2025-04-30,Delayed
969,1806,239,2025-05-02,2025-05-07,Delivered
970,1060,241,2025-04-21,2025-04-26,Delivered
971,1545,227,2025-05-02,2025-05-07,Delivered
972,1054,243,2025-03-17,2025-03-19,Delayed
973,1551,245,2025-01-03,2025-01-08,Delivered
974,1192,226,2025-04-12,2025-04-16,Delivered
975,1896,202,2025-06-10,2025-06-15,Delivered
976,1582,201,2025-05-06,2025-05-09,Delayed
977,1033,219,2025-05-17,2025-05-19,Delivered
978,1652,202,2025-03-03,2025-03-06,Delayed
979,1070,225,2025-03-14,2025-03-18,Delayed
980,1812,202,2025-05-27,2025-06-01,Delivered
981,1942,215,2025-04-30,2025-05-03,Delivered
982,1274,242,2025-05-19,2025-05-21,Delayed
983,1691,239,2025-06-12,2025-06-15,Delivered
984,1809,243,2025-05-29,2025-05-30,Delivered
985,1946,225,2025-05-11,2025-05-12,Delivered
986,1603,207,2025-06-03,2025-06-05,Delivered
987,1746,230,2025-03-09,2025-03-12,Delivered
988,1686,212,2025-05-17,2025-05-20,Delivered
989,1259,223,2025-06-10,2025-06-15,Delivered
990,1789,234,2025-05-17,2025-05-21,Delivered
991,1902,223,2025-06-14,2025-06-16,Delivered
992,1220,224,2025-01-24,2025-01-29,Delivered
993,1385,212,2025-06-03,2025-06-07,Delivered
994,1474,220,2025-03-21,2025-03-23,Delivered
995,1112,231,2025-06-12,2025-06-16,Delayed
996,1872,202,2025-05-23,2025-05-25,Delivered
997,1601,215,2025-06-03,2025-06-08,Delivered
998,1850,225,2025-04-04,2025-04-07,Delivered
999,1998,207,2025-06-06,2025-06-11,Delivered
1000,1362,219,2025-06-04,2025-06-08,Delivered
1001,1063,249,2025-05-08,2025-05-11,Delivered
1002,1772,226,2025-02-07,2025-02-10,Delivered
1003,1312,248,2025-02-13,2025-02-16,Delayed
1004,1247,217,2025-05-28,2025-05-29,Delivered
1005,1449,226,2025-04-15,2025-04-19,Delivered
1006,1648,247,2025-02-26,2025-02-28,Delivered
1007,1632,222,2025-05-28,2025-05-29,Delivered
1008,1403,225,2025-05-06,2025-05-10,Delivered
1009,1357,210,2025-06-12,2025-06-14,Delivered
1010,1255,228,2025-04-11,2025-04-15,Delayed
1011,1427,228,2025-05-06,2025-05-09,Delivered
1012,1591,207,2025-05-12,2025-05-14,Delivered
1013,1183,206,2025-06-04,2025-06-07,Delivered
1014,1386,243,2025-06-02,2025-06-04,Delivered
1015,1172,205,2025-05-21,2025-05-25,Delayed
1016,1742,201,2025-03-16,2025-03-21,Delayed
1017,1837,213,2025-02-09,2025-02-14,Delivered
1018,1667,247,2025-06-02,2025-06-05,Delivered
1019,1835,232,2025-06-02,2025-06-04,Delivered
1020,1164,210,2025-04-23,2025-04-25,Delivered
1021,1976,229,2025-05-22,2025-05-24,Delivered
1022,1108,233,2025-04-16,2025-04-18,Delayed
1023,1051,232,2025-05-23,2025-05-27,Delivered
1024,1980,232,2025-06-11,2025-06-16,Delivered
1025,1278,221,2025-06-04,2025-06-05,Delayed
1026,1469,209,2025-06-05,2025-06-08,Delivered
1027,1686,226,2025-05-22,2025-05-26,Delivered
1028,1957,216,2025-04-21,2025-04-26,Delivered
1029,1744,246,2025-05-07,2025-05-12,Delivered
1030,1155,217,2025-06-05,2025-06-09,Delivered
1031,1611,205,2025-06-01,2025-06-04,Delivered
1032,1779,233,2025-05-14,2025-05-19,Delivered
1033,1639,233,2025-05-20,2025-05-22,Delayed
1034,1604,243,2025-05-20,2025-05-22,Delayed
1035,1864,242,2025-06-11,2025-06-13,Delayed
1036,1301,241,2025-04-20,2025-04-21,Delivered
1037,1863,202,2025-03-30,2025-03-31,Delayed
1038,1419,208,2025-05-05,2025-05-08,Delivered
1039,1321,214,2025-05-14,2025-05-19,Delayed
1040,1199,211,2025-02-13,2025-02-18,Delivered
1041,1739,209,2025-04-24,2025-04-25,Delivered
1042,1160,231,2025-05-22,2025-05-27,Delivered
1043,1462,229,2025-03-02,2025-03-06,Delivered
1044,1795,208,2025-06-02,2025-06-03,Delivered
1045,1302,215,2025-06-04,2025-06-06,Delivered
1046,1894,229,2025-06-14,2025-06-15,Delivered
1047,1292,239,2025-04-05,2025-04-06,Delivered
1048,1236,205,2025-06-14,2025-06-18,Delivered
1049,1079,248,2025-04-30,2025-05-05,Delivered
1050,1832,205,2025-05-14,2025-05-18,Delivered
1051,1623,211,2025-04-10,2025-04-15,Delivered
1052,1466,242,2025-06-10,2025-06-15,Delivered
1053,1454,235,2025-02-28,2025-03-02,Delivered
1054,1283,237,2025-04-22,2025-04-26,Delayed
1055,1337,209,2025-03-03,2025-03-07,Delivered
1056,1280,241,2025-03-16,2025-03-21,Delivered
1057,1899,246,2025-05-10,2025-05-12,Delivered
1058,1642,216,2025-05-30,2025-06-01,Delivered
1059,1844,214,2025-05-15,2025-05-20,Delivered
1060,1034,221,2025-04-07,2025-04-10,Delayed
1061,1043,242,2025-06-10,2025-06-14,Delayed
1062,1640,231,2025-06-02,2025-06-04,Delayed
1063,1077,241,2025-02-06,2025-02-10,Delivered
1064,1801,247,2025-06-09,2025-06-13,Delivered
1065,1462,206,2025-01-16,2025-01-19,Delivered
1066,1471,249,2025-06-01,2025-06-03,Delivered
1067,1368,237,2025-06-02,2025-06-06,Delivered
1068,1213,206,2025-06-14,2025-06-19,Delivered
1069,1794,226,2025-04-30,2025-05-03,Delivered
1070,1507,229,2025-03-26,2025-03-29,Delivered
1071,1391,227,2025-06-09,2025-06-10,Delivered
1072,1655,231,2025-06-09,2025-06-14,Delivered
1073,1347,250,2025-06-01,2025-06-06,Delivered
1074,1626,230,2025-04-12,2025-04-17,Delayed
1075,1800,241,2025-06-03,2025-06-07,Delivered
1076,1843,246,2025-05-24,2025-05-25,Delivered
1077,1785,213,2025-05-13,2025-05-17,Delayed
1078,1025,214,2025-05-06,2025-05-10,Delivered
1079,1516,223,2025-06-14,2025-06-19,Delivered
1080,1842,208,2025-06-12,2025-06-15,Delayed
1081,1818,222,2025-06-14,2025-06-15,Delivered
1082,1155,201,2025-05-13,2025-05-15,Delivered
1083,1272,221,2025-04-21,2025-04-23,Delivered
1084,1857,248,2025-06-12,2025-06-13,Delivered
1085,1966,208,2025-03-09,2025-03-11,Delivered
1086,1362,249,2025-04-13,2025-04-16,Delivered
1087,1502,218,2025-06-08,2025-06-11,Delivered
1088,1628,225,2025-05-09,2025-05-11,Delivered
1089,1408,234,2025-05-26,2025-05-29,Delivered
1090,1088,220,2025-04-26,2025-04-30,Delivered
1091,1892,231,2025-05-31,2025-06-05,Delayed
1092,1389,215,2025-06-05,2025-06-09,Delivered
1093,1852,213,2025-04-18,2025-04-21,Delivered
1094,1962,247,2025-02-28,2025-03-01,Delivered
1095,1505,206,2025-05-26,2025-05-28,Delivered
1096,1288,213,2025-05-29,2025-06-01,Delayed
1097,1514,212,2025-03-10,2025-03-11,Delivered
1098,1045,220,2025-06-04,2025-06-06,Delivered
1099,1619,210,2025-01-27,2025-01-28,Delivered
1100,1530,223,2025-03-23,2025-03-28,Delivered
1101,1077,220,2025-02-16,2025-02-19,Delayed
1102,1565,221,2025-02-20,2025-02-21,Delivered
1103,1704,227,2025-06-04,2025-06-06,Delivered
1104,1725,226,2025-03-25,2025-03-28,Delivered
1105,1313,218,2025-05-30,2025-05-31,Delivered
1106,1174,237,2025-04-06,2025-04-08,Delayed
1107,1149,235,2025-05-18,2025-05-21,Delayed
1108,1385,217,2025-05-03,2025-05-05,Delivered
1109,1511,214,2025-06-01,2025-06-02,Delivered
1110,1899,227,2025-05-29,2025-06-02,Delivered
1111,1711,205,2025-02-04,2025-02-09,Delivered
1112,1572,245,2025-05-13,2025-05-17,Delayed
1113,1875,201,2025-05-23,2025-05-25,Delayed
1114,1749,211,2025-01-29,2025-02-03,Delivered
1115,1563,212,2025-05-19,2025-05-24,Delivered
1116,1498,237,2025-04-12,2025-04-16,Delivered
1117,1751,219,2025-05-16,2025-05-18,Delivered
1118,1441,243,2025-05-20,2025-05-22,Delivered
1119,1399,208,2025-02-19,2025-02-20,Delayed
1120,1553,234,2025-01-31,2025-02-04,Delayed
1121,1905,223,2025-05-17,2025-05-20,Delivered
1122,1499,224,2025-05-20,2025-05-23,Delayed
1123,1223,237,2025-06-14,2025-06-17,Delivered
1124,1139,246,2025-04-08,2025-04-13,Delayed
1125,1240,236,2025-05-30,2025-06-01,Delivered
1126,1314,228,2025-03-14,2025-03-17,Delivered
1127,1266,217,2025-05-21,2025-05-22,Delivered
1128,1530,250,2025-01-30,2025-02-04,Delivered
1129,1409,217,2025-05-17,2025-05-18,Delivered
1130,1144,225,2025-05-04,2025-05-09,Delivered
1131,1467,219,2025-02-06,2025-02-10,Delivered
1132,1205,221,2025-06-08,2025-06-12,Delivered
1133,1480,205,2025-04-25,2025-04-28,Delayed
1134,1266,249,2025-05-27,2025-06-01,Delivered
1135,1063,219,2025-04-30,2025-05-04,Delayed
1136,1427,201,2025-03-21,2025-03-26,Delivered
1137,1662,247,2025-04-17,2025-04-18,Delivered
1138,1706,201,2025-06-12,2025-06-15,Delivered
1139,1298,228,2025-06-01,2025-06-04,Delivered
1140,1895,250,2025-05-17,2025-05-20,Delayed
1141,1888,231,2025-06-13,2025-06-18,Delivered
1142,1589,204,2025-05-19,2025-05-23,Delivered
1143,1923,209,2025-05-16,2025-05-19,Delivered
1144,1677,211,2025-02-25,2025-02-26,Delayed
1145,1254,224,2025-05-29,2025-06-01,Delayed
1146,1994,226,2025-05-26,2025-05-27,Delivered
1147,1680,247,2025-05-18,2025-05-23,Delayed
1148,1085,208,2025-04-28,2025-05-03,Delayed
1149,1136,222,2025-05-03,2025-05-06,Delayed
1150,1902,219,2025-05-29,2025-05-30,Delayed
1151,1208,228,2025-06-09,2025-06-11,Delayed
1152,1020,234,2025-05-27,2025-05-31,Delivered
1153,1918,202,2025-06-13,2025-06-14,Delivered
1154,1233,237,2025-04-27,2025-04-29,Delivered
1155,1532,220,2025-04-16,2025-04-19,Delivered
1156,1760,220,2025-06-14,2025-06-16,Delayed
1157,1307,228,2025-05-22,2025-05-26,Delivered
1158,1435,223,2025-03-15,2025-03-18,Delivered
1159,1958,215,2025-02-12,2025-02-17,Delivered
1160,1661,211,2025-01-19,2025-01-22,Delivered
1161,1746,250,2025-01-21,2025-01-26,Delivered
1162,1547,250,2025-05-25,2025-05-28,Delivered
1163,1630,231,2025-02-27,2025-03-03,Delivered
1164,1444,209,2025-05-15,2025-05-18,Delivered
1165,1592,204,2025-05-03,2025-05-06,Delivered
1166,1746,216,2025-04-09,2025-04-14,Delivered
1167,1101,231,2025-06-14,2025-06-16,Delivered
1168,1614,226,2025-05-26,2025-05-30,Delivered
1169,1498,240,2025-06-01,2025-06-03,Delivered
1170,1617,203,2025-06-14,2025-06-17,Delivered
1171,1071,227,2025-04-11,2025-04-13,Delivered
1172,1621,229,2025-03-04,2025-03-09,Delayed
1173,1398,239,2025-04-25,2025-04-27,Delayed
1174,1067,210,2025-05-27,2025-05-31,Delivered
1175,1975,243,2025-04-08,2025-04-10,Delivered
1176,1325,214,2025-05-27,2025-05-30,Delivered
1177,1661,224,2025-04-09,2025-04-14,Delayed
1178,1216,232,2025-01-08,2025-01-09,Delayed
1179,1527,215,2025-04-21,2025-04-23,Delivered
1180,1344,210,2025-02-22,2025-02-24,Delayed
1181,1179,228,2025-04-16,2025-04-17,Delivered
1182,1851,229,2025-06-07,2025-06-12,Delivered
1183,1688,232,2025-05-15,2025-05-17,Delivered
1184,1621,222,2025-05-28,2025-06-02,Delivered
1185,1153,228,2025-04-13,2025-04-16,Delayed
1186,1086,217,2025-06-12,2025-06-16,Delivered
1187,1695,211,2025-04-24,2025-04-28,Delivered
1188,1423,203,2025-06-14,2025-06-15,Delayed
1189,1353,228,2025-05-20,2025-05-21,Delivered
1190,1082,204,2025-04-17,2025-04-21,Delayed
1191,1561,246,2025-04-05,2025-04-10,Delivered
1192,1009,218,2025-06-13,2025-06-16,Delivered
1193,1355,250,2025-05-10,2025-05-12,Delayed
1194,1353,229,2025-05-25,2025-05-29,Delivered
1195,1512,228,2025-05-26,2025-05-30,Delivered
1196,1372,211,2025-05-16,2025-05-20,Delivered
1197,1378,204,2025-06-11,2025-06-13,Delivered
1198,1149,226,2025-04-24,2025-04-26,Delayed
1199,1386,213,2025-05-14,2025-05-15,Delivered
1200,1247,246,2025-05-21,2025-05-23,Delivered
1201,1315,236,2025-03-30,2025-04-03,Delivered
1202,1860,223,2025-05-29,2025-06-03,Delivered
1203,1772,235,2025-05-17,2025-05-20,Delivered
1204,1231,245,2025-05-15,2025-05-16,Delayed
1205,1720,213,2025-05-24,2025-05-27,Delayed
1206,1982,249,2025-03-21,2025-03-25,Delayed
1207,1777,225,2025-06-05,2025-06-10,Delivered
1208,1165,241,2025-05-26,2025-05-30,Delayed
1209,1928,219,2025-05-25,2025-05-29,Delayed
1210,1224,250,2025-05-17,2025-05-21,Delivered
1211,1967,206,2025-05-24,2025-05-28,Delivered
1212,1221,249,2025-04-23,2025-04-27,Delayed
1213,1731,228,2025-06-05,2025-06-10,Delivered
1214,1871,224,2025-04-18,2025-04-21,Delivered
1215,1720,242,2025-03-30,2025-04-04,Delayed
1216,1894,247,2025-05-18,2025-05-22,Delivered
1217,1385,228,2025-04-14,2025-04-15,Delivered
1218,1426,238,2025-05-10,2025-05-11,Delivered
1219,1162,208,2025-05-01,2025-05-03,Delivered
1220,2000,232,2025-05-11,2025-05-14,Delivered
1221,1058,217,2025-06-14,2025-06-17,Delayed
1222,1994,208,2025-05-15,2025-05-19,Delayed
1223,1454,226,2025-05-15,2025-05-16,Delivered
1224,1613,210,2025-06-05,2025-06-06,Delayed
1225,1496,229,2025-03-14,2025-03-15,Delivered
1226,1467,227,2025-03-01,2025-03-02,Delivered
1227,1873,228,2025-05-25,2025-05-29,Delivered
1228,1277,232,2025-02-25,2025-03-02,Delivered
1229,1964,249,2025-04-16,2025-04-17,Delivered
1230,1896,212,2025-05-12,2025-05-17,Delivered
1231,1129,207,2025-05-20,2025-05-24,Delayed
1232,1791,203,2025-06-01,2025-06-04,Delivered
1233,1329,225,2025-05-26,2025-05-31,Delivered
1234,1941,201,2025-06-07,2025-06-09,Delivered
1235,1036,248,2025-05-14,2025-05-19,Delivered
1236,1575,235,2025-04-13,2025-04-18,Delayed
1237,1558,245,2025-03-17,2025-03-19,Delivered
1238,1560,219,2025-06-14,2025-06-15,Delivered
1239,1522,201,2025-06-14,2025-06-16,Delivered
1240,1951,248,2025-03-03,2025-03-05,Delivered
1241,1140,224,2025-02-27,2025-03-01,Delayed
1242,1499,240,2025-05-06,2025-05-10,Delivered
1243,1523,203,2025-03-07,2025-03-11,Delivered
1244,1284,236,2025-05-28,2025-06-01,Delivered
1245,1520,228,2025-06-12,2025-06-15,Delayed
1246,1766,222,2025-04-21,2025-04-22,Delivered
1247,1424,243,2025-04-24,2025-04-29,Delivered
1248,1219,217,2025-04-18,2025-04-22,Delivered
1249,1090,204,2025-06-02,2025-06-06,Delivered
1250,1388,235,2025-03-22,2025-03-25,Delivered
1251,1586,237,2025-05-27,2025-05-28,Delayed
1252,1678,242,2025-05-21,2025-05-26,Delivered
1253,1348,232,2025-06-13,2025-06-16,Delivered
1254,1756,248,2025-03-28,2025-04-02,Delivered
1255,1308,210,2025-05-13,2025-05-15,Delivered
1256,1658,243,2025-06-02,2025-06-04,Delayed
1257,1680,212,2025-04-22,2025-04-24,Delivered
1258,1703,201,2025-05-10,2025-05-14,Delayed
1259,1972,247,2025-05-03,2025-05-05,Delivered
1260,1583,235,2025-06-05,2025-06-10,Delivered
1261,1775,201,2025-06-11,2025-06-13,Delivered
1262,1471,220,2025-05-20,2025-05-21,Delayed
1263,1466,220,2025-03-07,2025-03-09,Delivered
1264,1006,226,2025-04-25,2025-04-29,Delivered
1265,1103,220,2025-04-13,2025-04-17,Delivered
1266,1047,227,2025-06-09,2025-06-10,Delayed
1267,1065,218,2025-05-24,2025-05-29,Delayed
1268,1648,250,2025-03-12,2025-03-15,Delivered
1269,1993,222,2025-03-29,2025-03-31,Delivered
1270,1171,212,2025-04-18,2025-04-22,Delayed
1271,1266,237,2025-05-23,2025-05-26,Delivered
1272,1574,226,2025-04-13,2025-04-17,Delayed
1273,1175,250,2025-01-05,2025-01-08,Delivered
1274,1082,201,2025-05-24,2025-05-26,Delayed
1275,1110,226,2025-06-01,2025-06-02,Delivered
1276,1250,211,2025-02-09,2025-02-14,Delivered
1277,1013,230,2025-05-01,2025-05-04,Delivered
1278,1235,218,2025-04-11,2025-04-15,Delivered
1279,1142,240,2025-04-29,2025-05-02,Delayed
1280,1134,225,2025-03-25,2025-03-28,Delivered
1281,1399,221,2025-02-13,2025-02-15,Delivered
1282,1782,233,2025-06-14,2025-06-19,Delivered
1283,1973,236,2025-04-12,2025-04-15,Delayed
1284,1421,237,2025-03-31,2025-04-01,Delivered
1285,1368,226,2025-06-01,2025-06-05,Delivered
1286,1226,227,2025-04-26,2025-04-29,Delivered
1287,1515,227,2025-06-03,2025-06-08,Delivered
1288,1115,209,2025-06-04,2025-06-07,Delivered
1289,1044,246,2025-01-25,2025-01-28,Delivered
1290,1023,219,2025-04-19,2025-04-22,Delayed
1291,1420,247,2025-04-22,2025-04-23,Delayed
1292,1486,204,2025-06-07,2025-06-08,Delivered
1293,1313,238,2025-05-24,2025-05-26,Delivered
1294,1535,246,2025-04-03,2025-04-07,Delivered
1295,1821,224,2025-05-09,2025-05-12,Delivered
1296,1491,205,2025-04-03,2025-04-08,Delivered
1297,1308,211,2025-05-14,2025-05-17,Delayed
1298,1939,214,2025-06-09,2025-06-10,Delayed
1299,1209,208,2025-04-07,2025-04-09,Delivered
1300,1331,205,2025-04-30,2025-05-01,Delivered
1301,1554,242,2025-06-06,2025-06-10,Delivered
1302,1047,245,2025-04-09,2025-04-11,Delivered
1303,1555,238,2025-03-13,2025-03-17,Delivered
1304,1222,220,2025-05-08,2025-05-11,Delivered
1305,1835,217,2025-06-14,2025-06-15,Delivered
1306,1986,213,2025-04-26,2025-04-30,Delivered
1307,1537,234,2025-03-27,2025-03-29,Delivered
1308,1932,250,2025-04-15,2025-04-17,Delivered
1309,1495,230,2025-02-20,2025-02-25,Delivered
1310,1859,205,2025-04-16,2025-04-18,Delayed
1311,1794,231,2025-04-24,2025-04-29,Delivered
1312,1678,206,2025-06-06,2025-06-10,Delivered
1313,1604,203,2025-06-09,2025-06-10,Delivered
1314,1511,207,2025-04-01,2025-04-05,Delivered
1315,1200,212,2025-06-06,2025-06-10,Delivered
1316,1274,217,2025-04-14,2025-04-19,Delivered
1317,1262,213,2025-05-04,2025-05-08,Delayed
1318,1829,248,2025-05-28,2025-05-31,Delivered
1319,1640,220,2025-06-03,2025-06-05,Delivered
1320,1277,212,2025-05-04,2025-05-06,Delivered
1321,1658,208,2025-06-14,2025-06-19,Delivered
1322,1841,208,2025-03-08,2025-03-13,Delivered
1323,1507,216,2025-04-16,2025-04-19,Delivered
1324,1707,222,2025-06-09,2025-06-10,Delayed
1325,1465,221,2025-04-20,2025-04-22,Delivered
1326,1479,216,2025-03-08,2025-03-09,Delivered
1327,1398,206,2025-04-18,2025-04-21,Delivered
1328,1237,216,2025-06-09,2025-06-12,Delivered
1329,1382,216,2025-05-06,2025-05-10,Delayed
1330,1630,235,2025-05-20,2025-05-21,Delivered
1331,1510,215,2025-04-28,2025-05-03,Delivered
1332,1563,214,2025-04-27,2025-04-28,Delivered
1333,1434,226,2025-03-20,2025-03-25,Delayed
1334,1890,236,2025-06-01,2025-06-02,Delivered
1335,1865,244,2025-06-06,2025-06-07,Delivered
1336,1474,246,2025-03-30,2025-04-01,Delayed
1337,1838,212,2025-06-02,2025-06-04,Delivered
1338,1280,207,2025-05-15,2025-05-18,Delivered
1339,1104,209,2024-12-23,2024-12-27,Delivered
1340,1357,235,2025-05-16,2025-05-18,Delivered
1341,1293,203,2025-05-30,2025-06-02,Delivered
1342,1224,248,2025-05-21,2025-05-23,Delivered
1343,1915,224,2025-06-10,2025-06-14,Delayed
1344,1439,208,2024-12-17,2024-12-20,Delivered
1345,1624,212,2025-03-22,2025-03-23,Delivered
1346,1668,221,2025-05-07,2025-05-08,Delivered
1347,1849,228,2025-04-21,2025-04-22,Delivered
1348,1926,212,2025-01-23,2025-01-25,Delivered
1349,1193,203,2025-02-14,2025-02-15,Delivered
1350,1938,233,2025-04-05,2025-04-07,Delivered
1351,1702,224,2025-03-12,2025-03-13,Delivered
1352,1518,213,2025-05-26,2025-05-27,Delivered
1353,1173,221,2025-06-07,2025-06-10,Delivered
1354,1175,204,2025-02-13,2025-02-17,Delayed
1355,1465,229,2025-06-14,2025-06-18,Delivered
1356,1363,247,2025-05-09,2025-05-10,Delayed
1357,1228,203,2025-06-08,2025-06-12,Delivered
1358,1355,214,2025-05-22,2025-05-26,Delivered
1359,1396,228,2025-05-25,2025-05-29,Delivered
1360,1099,229,2025-06-06,2025-06-09,Delivered
1361,1906,202,2025-05-11,2025-05-12,Delivered
1362,1518,201,2025-06-02,2025-06-03,Delayed
1363,1668,236,2025-05-16,2025-05-21,Delayed
1364,1373,201,2025-05-31,2025-06-04,Delivered
1365,1251,219,2025-03-01,2025-03-03,Delayed
1366,1949,222,2025-01-16,2025-01-20,Delivered
1367,1948,209,2025-03-31,2025-04-01,Delivered
1368,1730,204,2025-04-12,2025-04-13,Delivered
1369,1474,249,2025-04-27,2025-04-29,Delivered
1370,1473,246,2025-06-14,2025-06-16,Delayed
1371,1474,224,2025-04-01,2025-04-03,Delivered
1372,1256,236,2025-05-06,2025-05-07,Delayed
1373,1538,217,2025-05-15,2025-05-17,Delivered
1374,1159,209,2025-06-14,2025-06-19,Delivered
1375,1007,244,2025-05-01,2025-05-06,Delayed
1376,1227,230,2025-06-12,2025-06-13,Delivered
1377,1628,241,2025-05-14,2025-05-16,Delayed
1378,1332,225,2025-05-20,2025-05-25,Delayed
1379,1851,218,2025-05-26,2025-05-31,Delivered
1380,1981,248,2025-01-14,2025-01-17,Delayed
1381,1278,201,2025-06-02,2025-06-05,Delivered
1382,1509,226,2025-06-12,2025-06-15,Delivered
1383,1761,218,2025-05-23,2025-05-26,Delivered
1384,1577,243,2025-04-25,2025-04-26,Delayed
1385,1005,204,2025-05-21,2025-05-24,Delivered
1386,1306,236,2025-06-13,2025-06-18,Delivered
1387,1242,242,2025-06-04,2025-06-07,Delivered
1388,1064,225,2025-06-04,2025-06-06,Delivered
1389,1479,220,2025-02-15,2025-02-16,Delivered
1390,1422,248,2025-06-01,2025-06-05,Delivered
1391,1136,225,2025-04-07,2025-04-10,Delivered
1392,1754,203,2025-06-12,2025-06-16,Delivered
1393,1590,235,2025-05-15,2025-05-16,Delivered
1394,1748,223,2025-05-30,2025-06-04,Delivered
1395,1433,224,2025-02-22,2025-02-25,Delivered
1396,1876,221,2025-04-05,2025-04-10,Delivered
1397,1593,231,2025-03-19,2025-03-23,Delivered
1398,1707,210,2025-05-24,2025-05-29,Delivered
1399,1059,228,2025-06-08,2025-06-09,Delivered
1400,1733,232,2025-04-14,2025-04-17,Delivered
1401,1033,202,2025-05-29,2025-05-30,Delayed
1402,1614,204,2025-05-08,2025-05-13,Delivered
1403,1006,207,2025-04-21,2025-04-24,Delivered
1404,1053,209,2025-04-12,2025-04-15,Delivered
1405,1510,206,2025-04-16,2025-04-17,Delivered
1406,1362,202,2025-05-18,2025-05-23,Delivered
1407,1622,211,2025-06-12,2025-06-15,Delivered
1408,1084,235,2025-06-12,2025-06-17,Delivered
1409,1255,218,2025-05-31,2025-06-02,Delivered
1410,1184,231,2025-03-06,2025-03-10,Delivered
1411,1948,244,2025-04-28,2025-05-03,Delivered
1412,1629,205,2025-04-07,2025-04-09,Delivered
1413,1321,216,2025-04-26,2025-04-30,Delivered
1414,1511,244,2025-06-04,2025-06-05,Delivered
1415,1173,205,2025-04-18,2025-04-20,Delayed
1416,1559,209,2025-05-16,2025-05-20,Delivered
1417,1556,246,2025-05-16,2025-05-19,Delayed
1418,1632,240,2025-05-08,2025-05-10,Delivered
1419,1335,223,2025-04-05,2025-04-08,Delivered
1420,1724,207,2025-02-14,2025-02-19,Delayed
1421,1261,247,2025-05-11,2025-05-14,Delivered
1422,1030,227,2025-06-14,2025-06-19,Delayed
1423,1866,213,2025-05-18,2025-05-20,Delayed
1424,1046,207,2025-05-05,2025-05-08,Delayed
1425,1470,237,2025-02-05,2025-02-07,Delivered
1426,1764,202,2025-04-08,2025-04-10,Delayed
1427,1181,223,2025-06-07,2025-06-11,Delayed
1428,1969,208,2025-04-15,2025-04-20,Delivered
1429,1574,249,2025-02-06,2025-02-07,Delayed
1430,1955,248,2025-02-14,2025-02-17,Delivered
1431,1410,235,2025-06-09,2025-06-12,Delivered
1432,1383,204,2025-05-08,2025-05-09,Delivered
1433,1496,247,2025-05-03,2025-05-08,Delivered
1434,1522,245,2025-06-11,2025-06-16,Delivered
1435,1420,202,2025-04-12,2025-04-13,Delayed
1436,1372,213,2025-06-03,2025-06-04,Delivered
1437,1078,227,2025-05-01,2025-05-03,Delayed
1438,1198,237,2024-12-31,2025-01-01,Delivered
1439,1918,211,2025-06-13,2025-06-16,Delivered
1440,1678,213,2025-06-04,2025-06-08,Delivered
1441,1821,228,2025-05-11,2025-05-13,Delivered
1442,1643,238,2025-01-30,2025-02-03,Delivered
1443,1579,240,2025-04-26,2025-04-28,Delayed
1444,1334,250,2025-06-03,2025-06-04,Delayed
1445,1487,229,2025-05-12,2025-05-17,Delivered
1446,1546,247,2025-06-08,2025-06-11,Delayed
1447,1990,216,2025-06-11,2025-06-12,Delivered
1448,1689,232,2025-03-31,2025-04-05,Delayed
1449,1686,231,2025-05-19,2025-05-24,Delivered
1450,1489,204,2025-06-10,2025-06-15,Delivered
1451,1942,240,2025-06-07,2025-06-12,Delivered
1452,1766,201,2025-03-10,2025-03-14,Delivered
1453,1446,201,2025-05-06,2025-05-11,Delayed
1454,1357,249,2025-06-03,2025-06-07,Delivered
1455,1511,213,2025-04-20,2025-04-22,Delivered
1456,1051,237,2025-06-11,2025-06-14,Delivered
1457,1785,231,2025-04-16,2025-04-17,Delivered
1458,1676,229,2025-03-06,2025-03-09,Delivered
1459,1396,210,2025-05-28,2025-05-29,Delivered
1460,1717,207,2025-05-15,2025-05-16,Delivered
1461,1101,208,2025-06-13,2025-06-16,Delivered
1462,1266,219,2025-06-11,2025-06-16,Delivered
1463,1247,209,2025-05-27,2025-05-31,Delivered
1464,1954,204,2025-04-24,2025-04-28,Delayed
1465,1691,231,2025-04-23,2025-04-27,Delivered
1466,1955,208,2025-05-19,2025-05-21,Delivered
1467,1598,214,2025-06-02,2025-06-03,Delivered
1468,1436,224,2025-04-21,2025-04-22,Delivered
1469,1358,242,2025-04-17,2025-04-20,Delayed
1470,1445,239,2025-06-12,2025-06-17,Delayed
1471,1201,216,2025-03-18,2025-03-22,Delivered
1472,1140,219,2025-05-22,2025-05-27,Delivered
1473,1834,239,2025-06-13,2025-06-17,Delivered
1474,1843,220,2025-06-08,2025-06-11,Delivered
1475,1315,204,2025-03-02,2025-03-06,Delivered
1476,1545,216,2025-03-16,2025-03-20,Delivered
1477,1713,234,2025-04-21,2025-04-22,Delivered
1478,1666,230,2025-05-01,2025-05-04,Delivered
1479,1639,249,2025-06-11,2025-06-16,Delivered
1480,1237,229,2025-06-06,2025-06-08,Delivered
1481,1952,227,2025-06-05,2025-06-07,Delivered
1482,1834,241,2025-05-29,2025-06-03,Delivered
1483,1711,208,2025-04-27,2025-05-01,Delivered
1484,1507,236,2025-05-23,2025-05-27,Delivered
1485,1649,201,2025-05-06,2025-05-10,Delivered
1486,1509,232,2025-06-11,2025-06-12,Delivered
1487,1850,212,2025-03-12,2025-03-14,Delivered
1488,1827,223,2025-05-15,2025-05-18,Delayed
1489,1397,240,2025-02-17,2025-02-18,Delivered
1490,1947,245,2025-04-26,2025-04-27,Delivered
1491,1456,220,2025-05-13,2025-05-14,Delivered
1492,1039,246,2025-03-22,2025-03-24,Delivered
1493,1337,227,2025-06-12,2025-06-13,Delivered
1494,1161,218,2025-04-05,2025-04-07,Delivered
1495,1894,225,2025-03-02,2025-03-06,Delayed
1496,1116,234,2025-06-01,2025-06-02,Delivered
1497,1360,205,2025-04-26,2025-05-01,Delivered
1498,1035,238,2025-03-10,2025-03-15,Delivered
1499,1521,234,2025-05-26,2025-05-31,Delivered
1500,1013,241,2025-05-20,2025-05-22,Delayed